Data;Hora;Moeda;Qtd;Tipo;Status
2018-12-03;20:47:12;BTC;0,46564768;ENTRADA;Origem Externa
2018-12-04;04:11:40;XEM;12202,79;SAÍDA;Para Carteira Externa
2018-12-11;13:31:56;BTC;0,24685529;SAÍDA;Para Carteira Externa
2018-12-26;15:39:52;BTC;0,45253251;ENTRADA;Origem Externa
2018-12-27;20:27:12;XEM;3225,78;SAÍDA;Para Carteira Externa
2018-12-27;20:52:30;POLY;2352,645;SAÍDA;Para Carteira Externa
2018-12-27;21:36:46;DASH;2,059;SAÍDA;Para Carteira Externa
2018-12-27;22:04:36;BNB;67,97682188;SAÍDA;Para Carteira Externa
2018-12-27;22:30:56;ETH;4,450545;SAÍDA;Para Carteira Externa
2018-12-29;02:25:04;BTC;0,10004989;ENTRADA;Origem Externa
2018-12-30;02:01:56;IOTA;10,0;SAÍDA;Para Carteira Externa
2018-12-30;02:51:52;IOTA;22,967;SAÍDA;Para Carteira Externa
2019-01-02;17:59:08;BTC;0,08931008;ENTRADA;Origem Externa
2019-01-02;22:18:14;BTC;0,13100769;ENTRADA;Origem Externa
2019-01-03;05:39:40;BTC;0,10135079;ENTRADA;Origem Externa
2019-01-03;13:08:36;ADA;8041,95;SAÍDA;Para Carteira Externa
2019-01-03;16:54:20;IOTA;1047,951;SAÍDA;Para Carteira Externa
2019-01-04;03:40:58;NEO;10,0;SAÍDA;Para Carteira Externa
2019-01-15;14:04:48;XRP;779,22;SAÍDA;Para Carteira Externa
2019-01-18;22:35:00;BTC;0,05370705;ENTRADA;Origem Externa
2019-01-19;19:39:30;BTC;0,05292755;ENTRADA;Origem Externa
2019-01-19;20:21:28;XRP;297,702;SAÍDA;Para Carteira Externa
2019-01-20;04:41:40;ADA;2134,862999;SAÍDA;Para Carteira Externa
2019-01-20;20:51:04;XLM;1825,173;SAÍDA;Para Carteira Externa
2019-01-21;23:45:34;EOS;2,0;SAÍDA;Para Carteira Externa
2019-01-22;00:14:26;EOS;0,2;SAÍDA;Para Carteira Externa
2019-01-22;00:40:40;EOS;201,3117;SAÍDA;Para Carteira Externa
2019-01-27;12:01:28;TRX;5870,5;ENTRADA;Origem Externa
2019-01-28;01:06:44;DASH;2,05699808;ENTRADA;Origem Externa
2019-01-28;01:07:10;ZEC;2,09698272;ENTRADA;Origem Externa
2019-01-30;13:31:42;IOTA;952,0;SAÍDA;Para Carteira Externa
2019-01-31;15:03:36;XEM;3222,37;ENTRADA;Origem Externa
2019-01-31;17:09:04;ETH;1,28118718;SAÍDA;Para Carteira Externa
2019-02-19;15:45:36;BTC;0,30208312;ENTRADA;Origem Externa
2019-02-22;01:34:04;BNB;57,70435358;SAÍDA;Para Carteira Externa
2019-02-26;21:49:12;IOTA;2564,0;SAÍDA;Para Carteira Externa
2019-03-08;18:40:00;ETH;6,1997858;ENTRADA;Origem Externa
2019-03-08;19:11:08;ENJ;2459,538;SAÍDA;Para Carteira Externa
2019-03-08;19:16:00;BAT;2185,812;SAÍDA;Para Carteira Externa
2019-03-09;01:08:28;ETH;0,18;ENTRADA;Origem Externa
2019-03-09;01:38:08;BTC;0,036;ENTRADA;Origem Externa
2019-03-09;02:01:08;BAT;838,161;SAÍDA;Para Carteira Externa
2019-03-13;22:23:26;BNB;75,0;ENTRADA;Origem Externa
2019-03-15;20:46:20;XLM;10356,633;SAÍDA;Para Carteira Externa
2019-03-18;02:51:12;IOTA;4594,418;ENTRADA;Origem Externa
2019-03-18;03:45:12;XLM;4218,2775;SAÍDA;Para Carteira Externa
2019-03-18;04:08:46;ADA;17701,800001;SAÍDA;Para Carteira Externa
2019-03-19;18:47:34;BTC;0,26483717;ENTRADA;Origem Externa
2019-03-19;19:14:56;ADA;20366,613;SAÍDA;Para Carteira Externa
2019-03-23;20:31:40;BNB;198,0;ENTRADA;Origem Externa
2019-03-23;21:39:34;ETH;8,064894;SAÍDA;Para Carteira Externa
2019-03-23;21:39:52;EOS;102,0;SAÍDA;Para Carteira Externa
2019-03-24;02:04:16;OMG;216,17;SAÍDA;Para Carteira Externa
2019-03-25;21:00:40;IOTA;2748,9663;SAÍDA;Para Carteira Externa
2019-03-26;03:12:08;LTC;8,14701132;ENTRADA;Origem Externa
2019-03-27;20:39:00;NEO;53,0;SAÍDA;Para Carteira Externa
2019-03-28;15:39:06;ENJ;2200,0;ENTRADA;Origem Externa
2019-03-29;13:10:16;BAT;1143,6203;SAÍDA;Para Carteira Externa
2019-03-29;20:28:24;BTC;0,25685733;ENTRADA;Origem Externa
2019-03-29;22:50:36;NEO;2,0;SAÍDA;Para Carteira Externa
2019-03-30;12:17:20;ENJ;2013,37545372;ENTRADA;Origem Externa
2019-03-30;12:49:56;EOS;167,6521;SAÍDA;Para Carteira Externa
2019-04-01;23:21:20;BTC;0,05147727;ENTRADA;Origem Externa
2019-04-02;19:07:06;BAT;1972,7813;ENTRADA;Origem Externa
2019-04-03;01:04:08;BTC;0,09485711;ENTRADA;Origem Externa
2019-04-03;13:14:36;BNB;150,0;ENTRADA;Origem Externa
2019-04-03;14:32:48;EOS;92,01;SAÍDA;Para Carteira Externa
2019-04-03;14:47:24;ETH;2,8475;SAÍDA;Para Carteira Externa
2019-04-03;21:13:10;BNB;100,35923967;ENTRADA;Origem Externa
2019-04-04;01:53:24;BTC;0,74220122;SAÍDA;Para Carteira Externa
2019-04-04;16:19:12;ADA;22896,1327;SAÍDA;Para Carteira Externa
2019-04-10;18:59:08;BTC;0,09677651;ENTRADA;Origem Externa
2019-04-10;20:17:16;BTC;0,24988889;ENTRADA;Origem Externa
2019-04-14;15:57:20;ETH;6,001;ENTRADA;Origem Externa
2019-04-18;21:10:12;BAT;961,038;SAÍDA;Para Carteira Externa
2019-04-18;21:22:48;ADA;24599,51;SAÍDA;Para Carteira Externa
2019-04-19;23:43:00;EOS;110,0;ENTRADA;Origem Externa
2019-04-19;23:59:44;OMG;215,7;ENTRADA;Origem Externa
2019-04-20;13:22:48;NEO;55,0;ENTRADA;Origem Externa
2019-04-20;14:16:48;EOS;100,0;ENTRADA;Origem Externa
2019-04-20;19:55:04;BAT;3093,873;SAÍDA;Para Carteira Externa
2019-04-26;03:49:52;BTC;0,11211175;ENTRADA;Origem Externa
2019-04-26;04:14:52;POLY;6831,0;SAÍDA;Para Carteira Externa
2019-05-01;01:26:20;BTC;0,07256594;ENTRADA;Origem Externa
2019-05-01;03:32:40;IOTA;2260,0;SAÍDA;Para Carteira Externa
2019-05-01;03:52:04;XRP;1429,5;SAÍDA;Para Carteira Externa
2019-05-01;15:27:16;ETH;3,0;ENTRADA;Origem Externa
2019-05-01;15:30:24;BAT;2010,0;ENTRADA;Origem Externa
2019-05-01;16:02:02;XRP;793,0;SAÍDA;Para Carteira Externa
2019-05-01;18:49:56;POLY;2291,0;SAÍDA;Para Carteira Externa
2019-05-03;11:58:36;POLY;4059,0;ENTRADA;Origem Externa
2019-05-03;12:37:12;VET;24137,9;SAÍDA;Para Carteira Externa
2019-05-06;19:26:04;EOS;151,3624;ENTRADA;Origem Externa
2019-05-15;13:10:36;BTC;0,17130544;ENTRADA;Origem Externa
2019-05-15;18:20:28;XRP;3488,4;SAÍDA;Para Carteira Externa
2019-05-15;18:35:54;ADA;18000,0;ENTRADA;Origem Externa
2019-05-15;22:57:00;XRP;1217,2;SAÍDA;Para Carteira Externa
2019-05-16;16:44:52;ETH;3,0;SAÍDA;Para Carteira Externa
2019-05-16;17:00:12;EOS;244,7988;SAÍDA;Para Carteira Externa
2019-05-16;18:47:14;ADA;7000,0;ENTRADA;Origem Externa
2019-05-16;19:24:58;EOS;97,4447;SAÍDA;Para Carteira Externa
2019-05-21;16:23:34;ETH;5,0;ENTRADA;Origem Externa
2019-05-22;00:41:52;XRP;3224,0;SAÍDA;Para Carteira Externa
2019-05-24;13:17:22;BTC;0,15288026;ENTRADA;Origem Externa
2019-05-25;12:02:54;ADA;25000,0;ENTRADA;Origem Externa
2019-05-25;13:02:14;BNB;100,505;SAÍDA;Para Carteira Externa
2019-05-27;13:56:24;XLM;10574,89048;ENTRADA;Origem Externa
2019-05-28;20:42:22;IOTA;2500,0;SAÍDA;Para Carteira Externa
2019-05-29;00:59:24;XRP;999,27778;ENTRADA;Origem Externa
2019-05-29;01:30:48;XRP;1838,07778;SAÍDA;Para Carteira Externa
2019-05-31;20:43:52;ETH;5,0;ENTRADA;Origem Externa
2019-06-01;13:21:20;EOS;342,0436;ENTRADA;Origem Externa
2019-06-02;13:03:20;EOS;30,1;SAÍDA;Para Carteira Externa
2019-06-03;03:12:12;XRP;2271,0;SAÍDA;Para Carteira Externa
2019-06-05;21:29:44;ETH;1,70910756;ENTRADA;Origem Externa
2019-06-05;21:54:16;ADA;12462,7868;SAÍDA;Para Carteira Externa
2019-06-05;21:59:04;ETH;10,83071665;SAÍDA;Para Carteira Externa
2019-06-21;11:01:12;ETH;2,24408264;ENTRADA;Origem Externa
2019-06-27;16:03:44;BTC;0,02132719;ENTRADA;Origem Externa
2019-06-27;16:34:00;LINK;108,0;SAÍDA;Para Carteira Externa
2019-06-28;12:44:40;BTC;0,04317662;ENTRADA;Origem Externa
2019-06-28;13:06:48;XRP;1000,0;ENTRADA;Origem Externa
2019-06-28;13:15:48;LINK;98,0;SAÍDA;Para Carteira Externa
2019-06-28;13:20:18;ADA;12461,3987;ENTRADA;Origem Externa
2019-06-28;13:27:08;VET;35110,0;SAÍDA;Para Carteira Externa
2019-06-28;13:38:32;ETH;7,09923634;SAÍDA;Para Carteira Externa
2019-07-02;19:31:52;XRP;3100,0;ENTRADA;Origem Externa
2019-07-03;00:37:12;BTC;0,06711642;ENTRADA;Origem Externa
2019-07-09;15:56:48;XRP;2000,0;ENTRADA;Origem Externa
2019-07-09;16:14:00;LINK;402,173701;ENTRADA;Origem Externa
2019-07-09;21:03:18;BTC;0,04208573;ENTRADA;Origem Externa
2019-07-10;02:30:52;BTC;0,02987306;ENTRADA;Origem Externa
2019-07-10;03:02:28;IOTA;3750,0;ENTRADA;Origem Externa
2019-07-10;20:36:02;XRP;2500,0;ENTRADA;Origem Externa
2019-07-12;12:34:48;ADA;25002,0;SAÍDA;Para Carteira Externa
2019-07-13;13:51:02;BNB;8,0;SAÍDA;Para Carteira Externa
2019-07-13;15:08:32;BTC;0,045;SAÍDA;Para Carteira Externa
2019-07-13;15:19:04;POLY;5025,0;SAÍDA;Para Carteira Externa
2019-07-13;15:38:12;LINK;500,6;SAÍDA;Para Carteira Externa
2019-07-18;20:11:24;BTC;0,03511624;ENTRADA;Origem Externa
2019-07-19;19:11:16;XRP;7507,026942;ENTRADA;Origem Externa
2019-07-22;16:16:12;BNB;50,4;ENTRADA;Origem Externa
2019-07-22;19:15:24;XRP;5001,426942;SAÍDA;Para Carteira Externa
2019-07-24;16:15:04;BNB;50,099;ENTRADA;Origem Externa
2019-07-24;16:41:52;ENJ;3567,429;SAÍDA;Para Carteira Externa
2019-07-26;00:08:04;BAT;1225,4;SAÍDA;Para Carteira Externa
2019-07-26;12:45:28;ADA;17097,0;SAÍDA;Para Carteira Externa
2019-07-28;23:49:32;BTC;0,07919766;ENTRADA;Origem Externa
2019-08-04;21:30:18;BTC;0,046;SAÍDA;Para Carteira Externa
2019-08-04;21:48:00;XRP;1900,0;ENTRADA;Origem Externa
2019-08-04;22:48:56;ZRX;1410,2;SAÍDA;Para Carteira Externa
2019-08-09;16:17:20;LINK;504,537;SAÍDA;Para Carteira Externa
2019-09-20;23:06:32;ENJ;3552,429;ENTRADA;Origem Externa
2019-09-20;23:14:02;VET;59047,9;ENTRADA;Origem Externa
2019-10-04;21:09:04;LINK;273,863;SAÍDA;Para Carteira Externa
2019-10-06;12:33:12;XRP;5025,21;SAÍDA;Para Carteira Externa
2019-10-08;00:12:04;ADA;23000,0;SAÍDA;Para Carteira Externa
2019-10-08;20:30:32;BAT;3258,311;ENTRADA;Origem Externa
2019-11-02;15:50:32;ETH;11,08;ENTRADA;Origem Externa
2019-11-05;15:06:04;ADA;1004,0;SAÍDA;Para Carteira Externa
2019-11-14;16:18:04;ADA;49741,2;SAÍDA;Para Carteira Externa
2019-11-16;20:18:32;XRP;2570,406666;ENTRADA;Origem Externa
2019-11-18;01:20:36;BTC;0,05069294;ENTRADA;Origem Externa
2019-11-18;11:27:02;IOTA;3757,4663;ENTRADA;Origem Externa
2019-11-18;20:02:32;ETH;6,0;ENTRADA;Origem Externa
2019-11-25;22:36:08;RLC;502,5;SAÍDA;Para Carteira Externa
2019-11-25;22:54:08;BAT;1024,09;SAÍDA;Para Carteira Externa
2019-12-01;19:00:12;ADA;1539,572;SAÍDA;Para Carteira Externa
2019-12-05;14:36:08;BAT;1556,424;SAÍDA;Para Carteira Externa
2019-12-10;20:12:10;RLC;501,6;SAÍDA;Para Carteira Externa
2019-12-14;02:32:32;XRP;2700,0;ENTRADA;Origem Externa
2019-12-14;02:57:08;VET;100952,946;SAÍDA;Para Carteira Externa
2019-12-31;23:24:08;IOTA;2162,847;SAÍDA;Para Carteira Externa
2020-01-07;14:41:32;BNB;47,80177764;ENTRADA;Origem Externa
2020-01-07;19:22:32;ETH;0,19104263;ENTRADA;Origem Externa
2020-01-07;19:54:08;BNB;1,001;SAÍDA;Para Carteira Externa
2020-01-07;20:06:04;BNB;49,04314013;SAÍDA;Para Carteira Externa
2020-01-15;00:59:04;BTC;0,02858278;ENTRADA;Origem Externa
2020-01-15;01:18:04;ALGO;1103,895;SAÍDA;Para Carteira Externa
2020-01-18;12:54:02;ADA;5490,0;ENTRADA;Origem Externa
2020-01-29;12:53:02;XRP;2344,193753;ENTRADA;Origem Externa
2020-01-29;13:26:36;ETH;2,06100847;ENTRADA;Origem Externa
2020-01-29;14:03:02;BTC;0,15;ENTRADA;Origem Externa
2020-01-29;16:35:04;BTC;0,5;ENTRADA;Origem Externa
2020-01-29;17:45:04;ADA;100000,0;SAÍDA;Para Carteira Externa
2020-02-01;02:52:34;BTC;0,3548526;ENTRADA;Origem Externa
2020-02-01;03:30:06;ALGO;911,0;SAÍDA;Para Carteira Externa
2020-02-01;14:15:12;XRP;5001,192753;SAÍDA;Para Carteira Externa
2020-02-01;14:42:12;ETH;11,61968525;SAÍDA;Para Carteira Externa
2020-02-01;15:02:32;RLC;500,0;ENTRADA;Origem Externa
2020-02-02;11:38:20;POLY;5000,0;ENTRADA;Origem Externa
2020-02-02;11:40:04;VET;850,0;ENTRADA;Origem Externa
2020-02-02;11:46:32;VET;100002,946;ENTRADA;Origem Externa
2020-02-02;11:54:32;BAT;1551,614;ENTRADA;Origem Externa
2020-02-02;12:16:32;ALGO;2022,724543;ENTRADA;Origem Externa
2020-03-03;12:48:08;ALGO;2729,0;SAÍDA;Para Carteira Externa
2020-03-13;02:12:08;ADA;88475,545;SAÍDA;Para Carteira Externa
2020-04-13;01:48:32;IOTA;2162,347;ENTRADA;Origem Externa
2020-04-13;02:26:32;RLC;501,25;ENTRADA;Origem Externa
2020-04-14;03:09:08;LINK;46,0;SAÍDA;Para Carteira Externa
2020-04-25;17:32:04;STX;960,069446;ENTRADA;Origem Externa
2020-04-29;14:09:20;ETH;0,504;SAÍDA;Para Carteira Externa
2020-05-22;12:55:12;BTC;0,09474552;ENTRADA;Origem Externa
2020-05-31;10:58:32;ALGO;2770,332776;ENTRADA;Origem Externa
2020-05-31;15:44:36;LINK;514,12961;ENTRADA;Origem Externa
2020-06-01;23:10:36;XRP;2500,899976;ENTRADA;Origem Externa
2020-06-01;23:19:40;XRP;4980,943473;ENTRADA;Origem Externa
2020-06-05;12:03:08;XRP;2507,750792;ENTRADA;Origem Externa
2020-06-23;17:09:16;ETH;2,00569548;SAÍDA;Para Carteira Externa
2020-06-27;20:11:04;BTC;0,10173726;ENTRADA;Origem Externa
2020-06-27;20:42:36;ETH;3,45;ENTRADA;Origem Externa
2020-06-29;14:13:36;BTC;0,10010799;ENTRADA;Origem Externa
2020-06-30;12:44:04;ETH;11,61523625;ENTRADA;Origem Externa
2020-07-04;12:28:34;COMP;1,16799796;ENTRADA;Origem Externa
2020-07-04;12:38:32;ETH;5,17635602;ENTRADA;Origem Externa
2020-07-04;22:54:06;ADA;10,971334;SAÍDA;Para Carteira Externa
2020-07-04;23:12:08;ADA;49971,0;SAÍDA;Para Carteira Externa
2020-07-09;03:59:08;ETH;2,0031446;ENTRADA;Origem Externa
2020-07-09;04:07:14;BTC;0,06640882;ENTRADA;Origem Externa
2020-07-09;12:54:36;ETH;1,99887281;ENTRADA;Origem Externa
2020-07-09;14:33:12;BTC;0,0528261;ENTRADA;Origem Externa
2020-07-11;17:17:08;BTC;0,12;ENTRADA;Origem Externa
2020-07-11;23:40:36;ETH;2,36;ENTRADA;Origem Externa
2020-07-12;13:06:08;ADA;36146,631666;SAÍDA;Para Carteira Externa
2020-07-13;12:28:36;XRP;4980,0;ENTRADA;Origem Externa
2020-07-13;12:54:28;ETH;1,1756781;SAÍDA;Para Carteira Externa
2020-07-13;13:59:28;BTC;0,19;ENTRADA;Origem Externa
2020-07-14;19:25:08;BTC;0,12109188;ENTRADA;Origem Externa
2020-07-15;20:42:10;ADA;100001,0;SAÍDA;Para Carteira Externa
2020-07-17;02:12:36;VET;800,0;SAÍDA;Para Carteira Externa
2020-07-17;02:18:36;VET;50152,402;SAÍDA;Para Carteira Externa
2020-07-31;03:12:14;BTC;0,1010005;SAÍDA;Para Carteira Externa
2020-08-12;15:51:18;BTC;0,05795798;SAÍDA;Para Carteira Externa
2020-08-15;15:15:04;BTC;0,115248;SAÍDA;Para Carteira Externa
2020-08-18;15:37:42;BTC;0,17864478;ENTRADA;Origem Externa
2020-08-19;17:03:14;LEND;1018,98;SAÍDA;Para Carteira Externa
2020-08-28;12:00:04;ADA;5,0;ENTRADA;Origem Externa
2020-08-28;12:10:04;ADA;5595,0;ENTRADA;Origem Externa
2020-09-04;00:54:02;ADA;174,0;ENTRADA;Origem Externa
2020-09-04;01:06:02;ADA;39000,0;ENTRADA;Origem Externa
2020-09-16;01:44:02;ADA;25039,959482;ENTRADA;Origem Externa
2020-09-18;14:23:08;UNI;220,0;ENTRADA;Origem Externa
2020-09-26;21:09:04;BTC;0,2544;SAÍDA;Para Carteira Externa
2020-09-30;00:51:36;BTC;0,25443721;SAÍDA;Para Carteira Externa
2020-11-03;16:33:04;DOT;3,1;SAÍDA;Para Carteira Externa
2020-11-03;16:42:04;DOT;200,705;SAÍDA;Para Carteira Externa
2020-11-11;02:15:16;SNX;104,91466;SAÍDA;Para Carteira Externa
2020-11-14;23:45:06;AAVE;10,1898;SAÍDA;Para Carteira Externa
2020-11-15;00:46:36;LEND;1045,37968652;ENTRADA;Origem Externa
2020-11-15;01:15:06;AAVE;10,45379686;SAÍDA;Para Carteira Externa
2020-12-11;13:40:38;XRP;5000,000639;ENTRADA;Origem Externa
2020-12-14;08:33:06;XRP;5000,000639;SAÍDA;Para Carteira Externa
2020-12-23;08:22:44;XRP;4999,750627;ENTRADA;Origem Externa
2020-12-23;09:26:38;XRP;2086,541524;ENTRADA;Origem Externa
2021-01-20;19:25:04;ADA;200,0;ENTRADA;Origem Externa
2021-01-21;04:50:28;EUR;59,56;SAÍDA;Para Carteira Externa
2021-01-24;17:24:10;XRP;1000,0;ENTRADA;Origem Externa
2021-01-24;17:34:16;XRP;3003,75;ENTRADA;Origem Externa
2021-01-24;23:00:10;XRP;1000,0;ENTRADA;Origem Externa
2021-02-02;08:23:00;STX;1234,374822;ENTRADA;Origem Externa
2021-02-06;20:32:56;ETH;6,0;ENTRADA;Origem Externa
2021-02-14;09:53:00;ADA;48,788151;ENTRADA;Origem Externa
2021-02-15;07:28:14;EUR;35,28;SAÍDA;Para Carteira Externa
2021-02-16;12:13:40;XLM;2718,0;SAÍDA;Para Carteira Externa
2021-02-18;23:48:14;ADA;10,0;ENTRADA;Origem Externa
2021-02-18;23:50:28;ADA;48000,0;ENTRADA;Origem Externa
2021-02-20;10:40:52;BTC;0,25158378;ENTRADA;Origem Externa
2021-03-08;12:46:12;EUR;400,8;SAÍDA;Para Carteira Externa
2021-03-10;10:12:32;EUR;1800,0;SAÍDA;Para Carteira Externa
2021-03-17;04:54:32;EUR;1500,0;SAÍDA;Para Carteira Externa
2021-03-22;19:18:24;EUR;2000,8;SAÍDA;Para Carteira Externa
2021-04-01;18:12:32;ADA;1,0;ENTRADA;Origem Externa
2021-04-04;23:27:08;XRP;3000,25;SAÍDA;Para Carteira Externa
2021-04-08;14:14:04;ADA;1007,9905;ENTRADA;Origem Externa
2021-04-08;19:33:04;BTC;0,18192083;ENTRADA;Origem Externa
2021-04-14;08:09:24;USDC;10015,0;SAÍDA;Para Carteira Externa
2021-04-14;08:21:24;USDC;10015,0;SAÍDA;Para Carteira Externa
2021-04-15;20:45:04;EGLD;0,95;SAÍDA;Para Carteira Externa
2021-04-15;20:54:02;EGLD;35,008;SAÍDA;Para Carteira Externa
2021-04-19;17:20:12;VET;10,0;ENTRADA;Origem Externa
2021-04-19;17:26:10;VET;50742,402;ENTRADA;Origem Externa
2021-04-19;22:54:32;ADA;2750,0;ENTRADA;Origem Externa
2021-04-22;11:43:16;EUR;6763,77;SAÍDA;Para Carteira Externa
2021-04-22;11:53:08;ETH;5,005;SAÍDA;Para Carteira Externa
2021-04-22;13:15:34;BNB;0,15;ENTRADA;Origem Externa
2021-04-22;13:21:04;BNB;49,89212452;ENTRADA;Origem Externa
2021-05-06;11:58:04;ADA;1566,0;ENTRADA;Origem Externa
2021-05-07;19:18:40;LINK;250,0;ENTRADA;Origem Externa
2021-05-09;07:32:04;ADA;10000,0;ENTRADA;Origem Externa
2021-05-09;07:34:32;ADA;10000,0;ENTRADA;Origem Externa
2021-05-10;06:01:32;EUR;3824,43;SAÍDA;Para Carteira Externa
2021-05-10;09:20:20;EUR;6285,0;SAÍDA;Para Carteira Externa
2021-05-15;01:07:00;LUNA;5,02;SAÍDA;Para Carteira Externa
2021-05-15;01:20:02;LUNA;166,593;SAÍDA;Para Carteira Externa
2021-05-15;15:27:02;USDC;1851,0;SAÍDA;Para Carteira Externa
2021-05-16;08:54:02;LUNA;233,4;SAÍDA;Para Carteira Externa
2021-05-16;09:11:00;LUNA;497,2;SAÍDA;Para Carteira Externa
2021-05-17;06:20:06;EUR;2018,41;SAÍDA;Para Carteira Externa
2021-05-18;18:44:02;SOL;0,027;SAÍDA;Para Carteira Externa
2021-05-18;19:04:02;SOL;2,52;SAÍDA;Para Carteira Externa
2021-05-18;21:23:12;SOL;0,0129;ENTRADA;Origem Externa
2021-05-23;10:33:08;LINK;250,0;ENTRADA;Origem Externa
2021-05-23;10:39:14;ETH;5,0;ENTRADA;Origem Externa
2021-05-23;20:48:32;ADA;30246,0;ENTRADA;Origem Externa
2021-05-24;15:24:04;ADA;50603,0;ENTRADA;Origem Externa
2021-05-28;07:29:00;THETA;1,3;SAÍDA;Para Carteira Externa
2021-05-28;07:49:02;THETA;999,7;SAÍDA;Para Carteira Externa
2021-05-28;16:10:04;ADA;51060,0;ENTRADA;Origem Externa
2021-05-28;16:49:04;USDT;100,0;SAÍDA;Para Carteira Externa
2021-05-28;16:59:04;USDT;30258,090147;SAÍDA;Para Carteira Externa
2021-05-28;17:23:02;USDC;30027,0;SAÍDA;Para Carteira Externa
2021-06-04;11:59:04;USDT;17496,955658;SAÍDA;Para Carteira Externa
2021-06-05;21:45:08;ETH;4,0;ENTRADA;Origem Externa
2021-06-06;10:11:02;SOL;248,013;SAÍDA;Para Carteira Externa
2021-06-06;11:25:00;ALGO;5093,6279;SAÍDA;Para Carteira Externa
2021-06-06;15:27:02;SOL;152,846001;SAÍDA;Para Carteira Externa
2021-06-07;14:16:00;LUNA;374,601;SAÍDA;Para Carteira Externa
2021-06-08;11:30:04;SOL;100,0;SAÍDA;Para Carteira Externa
2021-06-09;10:36:02;SOL;207,075538;SAÍDA;Para Carteira Externa
2021-06-10;23:45:02;LUNA;229,514;SAÍDA;Para Carteira Externa
2021-06-11;00:05:00;ALGO;3446,24;SAÍDA;Para Carteira Externa
2021-06-12;13:07:00;ADA;10002,35157;SAÍDA;Para Carteira Externa
2021-06-13;08:46:00;SOL;100,0;SAÍDA;Para Carteira Externa
2021-06-13;08:54:00;ALGO;1217,0;SAÍDA;Para Carteira Externa
2021-06-13;09:33:00;ADA;10000,0;SAÍDA;Para Carteira Externa
2021-06-14;11:25:00;SOL;93,422;SAÍDA;Para Carteira Externa
2021-06-14;16:35:04;ADA;20000,0;SAÍDA;Para Carteira Externa
2021-06-25;13:33:12;ADA;6844,6;SAÍDA;Para Carteira Externa
2021-07-01;10:19:00;SOL;56,237;SAÍDA;Para Carteira Externa
2021-07-02;08:00:04;ALGO;220,0;SAÍDA;Para Carteira Externa
2021-07-02;08:07:00;SOL;49,015;SAÍDA;Para Carteira Externa
2021-07-05;08:15:04;USDT;1200,0;SAÍDA;Para Carteira Externa
2021-07-07;14:43:42;USDT;724,71;SAÍDA;Para Carteira Externa
2021-07-07;15:48:42;XRP;1935,54;SAÍDA;Para Carteira Externa
2021-07-07;19:22:08;VTHO;4806,53715309;ENTRADA;Origem Externa
2021-07-07;19:34:42;XRP;47,65;SAÍDA;Para Carteira Externa
2021-07-15;10:08:42;XRP;5000,0;SAÍDA;Para Carteira Externa
2021-07-15;10:22:42;XLM;7010,0;SAÍDA;Para Carteira Externa
2021-07-15;10:48:44;ETH;1,0083;SAÍDA;Para Carteira Externa
2021-07-15;11:06:42;BTC;0,153;SAÍDA;Para Carteira Externa
2021-07-16;08:48:44;CHZ;5850,08;SAÍDA;Para Carteira Externa
2021-07-16;08:56:44;ENJ;1139,477;SAÍDA;Para Carteira Externa
2021-07-16;10:14:40;ADA;2000,27;SAÍDA;Para Carteira Externa
2021-07-16;13:32:44;ETH;0,30377;SAÍDA;Para Carteira Externa
2021-07-30;14:30:36;USDC;5000,0;ENTRADA;Origem Externa
2021-07-30;14:46:44;ETH;0,8;SAÍDA;Para Carteira Externa
2021-07-30;15:02:42;XRP;4328,93;SAÍDA;Para Carteira Externa
2021-08-04;14:39:12;USDC;10000,0;ENTRADA;Origem Externa
2021-08-04;15:04:40;ADA;7345,91;SAÍDA;Para Carteira Externa
2021-08-04;15:21:08;USDC;5000,0;ENTRADA;Origem Externa
2021-08-04;15:53:44;BTC;0,127404;SAÍDA;Para Carteira Externa
2021-08-07;07:17:06;CHZ;5796,08;ENTRADA;Origem Externa
2021-08-07;07:19:08;ENJ;1128,477;ENTRADA;Origem Externa
2021-08-07;07:54:42;TFUEL;15,0;SAÍDA;Para Carteira Externa
2021-08-07;08:00:08;THETA;10,0;ENTRADA;Origem Externa
2021-08-07;08:04:08;THETA;990,8;ENTRADA;Origem Externa
2021-08-07;08:17:12;SNX;104,13466;ENTRADA;Origem Externa
2021-08-07;08:19:06;AAVE;10,39979686;ENTRADA;Origem Externa
2021-08-07;08:38:44;BTC;0,39959237;SAÍDA;Para Carteira Externa
2021-08-14;08:28:38;USDC;10000,0;ENTRADA;Origem Externa
2021-08-16;09:32:40;ADA;4588,41;SAÍDA;Para Carteira Externa
2021-08-16;21:52:36;USDC;10000,0;ENTRADA;Origem Externa
2021-08-16;22:24:42;XRP;834,79;SAÍDA;Para Carteira Externa
2021-08-17;23:32:40;USDT;1150,132328;SAÍDA;Para Carteira Externa
2021-08-17;23:38:40;XRP;1000,0;SAÍDA;Para Carteira Externa
2021-08-19;09:27:08;USDC;10000,0;ENTRADA;Origem Externa
2021-08-19;09:36:42;XRP;1800,0;SAÍDA;Para Carteira Externa
2021-08-19;18:17:40;USDT;991,050885;SAÍDA;Para Carteira Externa
2021-08-20;09:38:40;ADA;5493,28;SAÍDA;Para Carteira Externa
2021-08-27;13:04:40;USDC;1881,5;SAÍDA;Para Carteira Externa
2021-08-28;09:36:04;ADA;7482,5;ENTRADA;Origem Externa
2021-08-28;09:58:42;USDC;20015,6116;SAÍDA;Para Carteira Externa
2021-09-06;17:28:32;ADA;10010,0;ENTRADA;Origem Externa
2021-09-06;17:52:40;USDC;20027,367938;SAÍDA;Para Carteira Externa
2021-09-06;18:10:44;USDT;4237,3407;SAÍDA;Para Carteira Externa
2021-09-09;12:22:32;ADA;4000,0;ENTRADA;Origem Externa
2021-09-09;13:32:40;USDC;5080,0;SAÍDA;Para Carteira Externa
2021-09-10;19:02:32;ADA;14888,0;ENTRADA;Origem Externa
2021-09-10;23:46:36;EGLD;0,5;ENTRADA;Origem Externa
2021-09-10;23:56:36;EGLD;36,43490175;ENTRADA;Origem Externa
2021-09-12;09:10:44;USDT;4830,230375;SAÍDA;Para Carteira Externa
2021-09-12;19:22:32;ADA;10000,0;ENTRADA;Origem Externa
2021-09-14;11:36:42;XRP;11110,748;SAÍDA;Para Carteira Externa
2021-09-18;22:44:36;USDC;1250,0;ENTRADA;Origem Externa
2021-09-18;22:50:14;USDC;1225,0;SAÍDA;Para Carteira Externa
2021-10-02;17:00:50;ADA;15000,0;ENTRADA;Origem Externa
2021-10-05;07:50:36;USDC;38762,979538;ENTRADA;Origem Externa
2021-10-05;08:41:42;USDC;16925,0;SAÍDA;Para Carteira Externa
2021-10-05;09:23:44;BTC;0,224;SAÍDA;Para Carteira Externa
2021-10-06;07:50:44;USDT;9210,320614;SAÍDA;Para Carteira Externa
2021-10-06;19:23:48;BTC;0,001;SAÍDA;Para Carteira Externa
2021-10-06;19:45:48;BTC;0,145;SAÍDA;Para Carteira Externa
2021-10-06;20:21:48;BTC;0,11410328;SAÍDA;Para Carteira Externa
2021-10-10;06:42:04;ADA;10000,0;ENTRADA;Origem Externa
2021-10-11;08:19:40;LUNA;5,02;SAÍDA;Para Carteira Externa
2021-10-11;11:56:40;LUNA;468,5;SAÍDA;Para Carteira Externa
2021-10-13;14:50:10;STX;1097,222039;ENTRADA;Origem Externa
2021-10-14;06:48:36;USDC;37,3;ENTRADA;Origem Externa
2021-10-15;22:32:32;ADA;10000,0;ENTRADA;Origem Externa
2021-10-15;22:50:40;LUNA;347,76814;SAÍDA;Para Carteira Externa
2021-10-15;23:00:48;XRP;7000,5;SAÍDA;Para Carteira Externa
2021-10-16;11:56:32;ADA;6712,0;ENTRADA;Origem Externa
2021-10-16;15:30:52;SOL;92,01;SAÍDA;Para Carteira Externa
2021-10-18;07:42:32;ADA;20000,0;ENTRADA;Origem Externa
2021-10-19;10:38:32;ADA;4989,0;ENTRADA;Origem Externa
2021-10-19;16:12:32;ADA;50000,0;ENTRADA;Origem Externa
2021-10-19;17:15:42;BTC;0,108;SAÍDA;Para Carteira Externa
2021-10-19;21:00:54;BTC;0,391;SAÍDA;Para Carteira Externa
2021-10-21;17:13:42;USDT;2027,3295;SAÍDA;Para Carteira Externa
2021-10-21;19:16:44;USDC;8025,0;SAÍDA;Para Carteira Externa
2021-10-21;19:38:40;LUNA;151,0;SAÍDA;Para Carteira Externa
2021-10-21;19:41:40;USDT;4051,6838;SAÍDA;Para Carteira Externa
2021-10-23;12:22:44;ETH;1,7956924;SAÍDA;Para Carteira Externa
2021-10-23;12:24:42;BTC;0,11828815;SAÍDA;Para Carteira Externa
2021-10-24;07:06:40;USDT;10737,4176;SAÍDA;Para Carteira Externa
2021-10-24;08:10:44;ADA;3335,0;SAÍDA;Para Carteira Externa
2021-10-25;01:00:48;USDT;18687,0194;SAÍDA;Para Carteira Externa
2021-10-27;12:43:40;USDT;19,2;ENTRADA;Origem Externa
2021-10-27;12:49:40;USDT;81,2;ENTRADA;Origem Externa
2021-10-28;21:47:44;USDT;5000,6646;SAÍDA;Para Carteira Externa
2021-10-29;15:27:04;ADA;20000,0;ENTRADA;Origem Externa
2021-10-29;15:34:32;ADA;20000,0;ENTRADA;Origem Externa
2021-10-29;15:47:40;ALGO;9883,0;SAÍDA;Para Carteira Externa
2021-10-29;16:07:42;USDC;20020,0;SAÍDA;Para Carteira Externa
2021-10-31;22:30:52;ADA;5001,0;SAÍDA;Para Carteira Externa
2021-10-31;22:40:44;ADA;14999,0;SAÍDA;Para Carteira Externa
2021-11-03;23:34:42;USDC;15025,006966;SAÍDA;Para Carteira Externa
2021-11-04;11:42:32;ADA;25010,0;ENTRADA;Origem Externa
2021-11-04;17:43:40;DOT;1,5;SAÍDA;Para Carteira Externa
2021-11-04;17:53:40;DOT;298,9;SAÍDA;Para Carteira Externa
2021-11-06;08:58:12;SOL;110,0;ENTRADA;Origem Externa
2021-11-08;12:40:52;BUSD;149,85;ENTRADA;Origem Externa
2021-11-08;17:28:44;USDT;10184,905;SAÍDA;Para Carteira Externa
2021-11-09;09:51:48;BNB;1,1005;SAÍDA;Para Carteira Externa
2021-11-09;11:30:14;BNB;1,09934347;ENTRADA;Origem Externa
2021-11-09;11:52:06;BNB;2,0;SAÍDA;Para Carteira Externa
2021-11-09;13:58:44;USDC;7800,0;SAÍDA;Para Carteira Externa
2021-11-10;14:59:40;SOL;42,5;ENTRADA;Origem Externa
2021-11-19;15:16:40;SOL;67,55;ENTRADA;Origem Externa
2021-11-19;19:42:40;EGLD;0,03;SAÍDA;Para Carteira Externa
2021-11-19;22:36:42;SOL;10,16;SAÍDA;Para Carteira Externa
2021-11-20;13:33:04;BNB;0,9995;SAÍDA;Para Carteira Externa
2021-11-20;13:41:06;BNB;18,0005;SAÍDA;Para Carteira Externa
2021-11-20;19:15:42;BUSD;10,0;SAÍDA;Para Carteira Externa
2021-11-20;19:23:42;BUSD;993,0;SAÍDA;Para Carteira Externa
2021-11-20;19:43:40;BUSD;30,0;SAÍDA;Para Carteira Externa
2021-11-21;15:37:44;BUSD;3850,0;SAÍDA;Para Carteira Externa
2021-11-21;22:23:42;BUSD;5600,0;SAÍDA;Para Carteira Externa
2021-11-23;16:12:40;LUNA;91,53;SAÍDA;Para Carteira Externa
2021-11-25;08:52:44;BNB;1,39;SAÍDA;Para Carteira Externa
2021-11-25;12:40:54;ADA;10010,0;SAÍDA;Para Carteira Externa
2021-11-25;15:46:48;BNB;3,0;SAÍDA;Para Carteira Externa
2021-11-26;00:42:44;BUSD;1000,0;SAÍDA;Para Carteira Externa
2021-11-26;01:07:44;BUSD;14000,0;SAÍDA;Para Carteira Externa
2021-11-26;01:59:40;SOL;0,3;SAÍDA;Para Carteira Externa
2021-11-26;12:27:44;USDT;10016,9832;SAÍDA;Para Carteira Externa
2021-11-27;14:16:32;ADA;10000,0;ENTRADA;Origem Externa
2021-11-27;20:32:44;BNB;3,0;SAÍDA;Para Carteira Externa
2021-11-29;12:27:42;LUNA;2,02;SAÍDA;Para Carteira Externa
2021-11-29;13:10:48;SOL;2,01;SAÍDA;Para Carteira Externa
2021-11-29;20:49:40;BNB;26,45;SAÍDA;Para Carteira Externa
2021-11-30;16:28:32;ADA;30000,0;ENTRADA;Origem Externa
2021-11-30;17:20:44;ADA;20000,0;ENTRADA;Origem Externa
2021-11-30;18:28:42;BUSD;3000,0;SAÍDA;Para Carteira Externa
2021-11-30;18:33:44;USDT;17371,7047;SAÍDA;Para Carteira Externa
2021-11-30;20:26:40;USDT;12845,976;SAÍDA;Para Carteira Externa
2021-12-02;00:04:04;ADA;30414,079582;ENTRADA;Origem Externa
2021-12-02;00:32:42;SOL;41,02;SAÍDA;Para Carteira Externa
2021-12-02;00:58:42;SOL;39,0;SAÍDA;Para Carteira Externa
2021-12-02;09:50:50;BUSD;2000,0;SAÍDA;Para Carteira Externa
2021-12-03;08:57:42;SOL;2,9;SAÍDA;Para Carteira Externa
2021-12-03;12:44:40;ADA;10001,0;SAÍDA;Para Carteira Externa
2021-12-03;23:54:42;USDT;2472,681657;SAÍDA;Para Carteira Externa
2021-12-05;11:28:40;ALGO;5001,0;SAÍDA;Para Carteira Externa
2021-12-05;11:34:40;ALGO;5008,0;SAÍDA;Para Carteira Externa
2021-12-17;10:19:42;USDT;3582,129588;SAÍDA;Para Carteira Externa
2021-12-20;16:20:56;USDT;37240,0;SAÍDA;Para Carteira Externa
2021-12-21;11:43:40;USDT;7052,5006;SAÍDA;Para Carteira Externa
2021-12-22;23:03:42;SOL;10,05;SAÍDA;Para Carteira Externa
2022-01-07;11:57:32;BUSD;64,0;ENTRADA;Origem Externa
2022-01-07;12:03:04;BUSD;4102,94026969;ENTRADA;Origem Externa
2022-01-07;12:18:42;UST;5597,0;SAÍDA;Para Carteira Externa
2022-01-07;19:04:04;BUSD;955,0;ENTRADA;Origem Externa
2022-01-07;19:06:04;BUSD;7000,32496175;ENTRADA;Origem Externa
2022-01-07;19:25:48;UST;4120,0;SAÍDA;Para Carteira Externa
2022-01-07;19:32:42;UST;10001,367681;SAÍDA;Para Carteira Externa
2022-01-08;11:42:42;SOL;0,49;SAÍDA;Para Carteira Externa
2022-01-09;11:47:40;UST;12854,2312;SAÍDA;Para Carteira Externa
2022-01-09;13:14:42;USDC;14118,0;SAÍDA;Para Carteira Externa
2022-01-10;09:42:10;SOL;102,0;ENTRADA;Origem Externa
2022-01-11;10:12:12;SOL;3,3;ENTRADA;Origem Externa
2022-01-12;10:45:40;SOL;200,0;ENTRADA;Origem Externa
2022-01-12;11:18:44;USDC;13078,9958;SAÍDA;Para Carteira Externa
2022-01-12;12:26:36;ADA;5000,0;ENTRADA;Origem Externa
2022-01-12;12:36:42;USDT;14716,071;SAÍDA;Para Carteira Externa
2022-01-17;22:13:04;BUSD;1681,0;ENTRADA;Origem Externa
2022-01-17;22:14:04;BUSD;15000,37748444;ENTRADA;Origem Externa
2022-01-17;23:36:40;USDC;14850,0;SAÍDA;Para Carteira Externa
2022-01-18;00:01:40;UST;193,307907;ENTRADA;Origem Externa
2022-01-18;12:34:08;UST;1946,305897;ENTRADA;Origem Externa
2022-01-19;20:53:42;USDC;11885,0;SAÍDA;Para Carteira Externa
2022-01-21;11:52:40;SOL;160,43515638;ENTRADA;Origem Externa
2022-01-21;12:14:32;BNB;18,8;ENTRADA;Origem Externa
2022-01-21;20:50:12;UST;4169,0;SAÍDA;Para Carteira Externa
2022-01-21;21:05:48;UST;20000,0;SAÍDA;Para Carteira Externa
2022-01-24;13:30:54;SOL;0,5;SAÍDA;Para Carteira Externa
2022-01-24;13:34:42;UST;17019,0;SAÍDA;Para Carteira Externa
2022-01-24;20:18:40;UST;23259,0;SAÍDA;Para Carteira Externa
2022-01-26;17:15:12;SOL;0,60310617;ENTRADA;Origem Externa
2022-01-26;17:34:40;SOL;41,87572433;ENTRADA;Origem Externa
2022-01-26;17:58:44;USDT;4195,5673;SAÍDA;Para Carteira Externa
2022-01-28;11:42:36;UST;25500,0;ENTRADA;Origem Externa
2022-01-28;12:04:44;USDT;25247,791;SAÍDA;Para Carteira Externa
2022-01-28;12:36:08;UST;10040,0;ENTRADA;Origem Externa
2022-01-31;11:56:36;LUNA;3,53062;ENTRADA;Origem Externa
2022-01-31;11:58:08;UST;16,834708;ENTRADA;Origem Externa
2022-02-01;11:31:30;UST;330,0;ENTRADA;Origem Externa
2022-02-01;11:33:36;LUNA;3,981212;ENTRADA;Origem Externa
2022-02-01;13:56:32;ADA;10000,0;ENTRADA;Origem Externa
2022-02-02;13:44:44;BTC;0,0244253;SAÍDA;Para Carteira Externa
2022-02-04;13:34:00;ADA;450,0;SAÍDA;Para Carteira Externa
2022-02-04;15:12:40;ADA;501,0;SAÍDA;Para Carteira Externa
2022-02-04;17:34:40;ADA;4248,9;SAÍDA;Para Carteira Externa
2022-02-15;12:33:42;SOL;0,11;SAÍDA;Para Carteira Externa
2022-02-17;17:45:36;LUNA;100,0;ENTRADA;Origem Externa
2022-02-17;20:02:40;ADA;5146,4;SAÍDA;Para Carteira Externa
2022-02-18;07:55:04;USDT;20100,0;ENTRADA;Origem Externa
2022-02-18;08:06:42;USDT;6875,6314;SAÍDA;Para Carteira Externa
2022-02-18;09:46:40;ADA;4995,2;SAÍDA;Para Carteira Externa
2022-02-18;09:47:40;ALGO;10008,0;SAÍDA;Para Carteira Externa
2022-02-23;21:38:32;ADA;1665,0;ENTRADA;Origem Externa
2022-02-23;22:30:54;SOL;17,42;SAÍDA;Para Carteira Externa
2022-03-08;17:33:04;USDT;30333,575491;ENTRADA;Origem Externa
2022-03-08;19:27:42;ETH;0,25625;SAÍDA;Para Carteira Externa
2022-03-08;19:38:42;USDC;20245,0;SAÍDA;Para Carteira Externa
2022-03-08;20:42:44;ETH;2,05305;SAÍDA;Para Carteira Externa
2022-03-08;21:28:42;BTC;0,10495;SAÍDA;Para Carteira Externa
2022-03-11;16:25:32;ATOM;1,448346;ENTRADA;Origem Externa
2022-03-13;19:58:06;KDA;10,0;ENTRADA;Origem Externa
2022-03-13;20:19:08;KDA;4490,00365553;ENTRADA;Origem Externa
2022-03-17;19:32:40;ALGO;10011,0;SAÍDA;Para Carteira Externa
2022-03-20;11:22:38;LUNA;7,19;ENTRADA;Origem Externa
2022-03-20;11:24:38;LUNA;1,059376;ENTRADA;Origem Externa
2022-03-20;11:33:08;UST;13,0;ENTRADA;Origem Externa
2022-03-20;11:36:40;UST;47,0;ENTRADA;Origem Externa
2022-03-20;11:58:40;ADA;930,0;SAÍDA;Para Carteira Externa
2022-03-20;14:02:36;USDC;20210,0;ENTRADA;Origem Externa
2022-03-20;14:24:40;ADA;2252,0;SAÍDA;Para Carteira Externa
2022-03-22;08:55:10;USDC;25055,724472;ENTRADA;Origem Externa
2022-03-22;09:32:44;ETH;8,021;SAÍDA;Para Carteira Externa
2022-03-22;11:24:44;BTC;0,20588;SAÍDA;Para Carteira Externa
2022-03-22;16:34:08;KDA;500,0;ENTRADA;Origem Externa
2022-03-22;22:59:08;LUNA;250,088164;ENTRADA;Origem Externa
2022-03-24;13:28:40;ADA;9987,0;SAÍDA;Para Carteira Externa
2022-03-24;13:40:40;ADA;19608,9;SAÍDA;Para Carteira Externa
2022-03-24;16:18:40;UST;30570,0;ENTRADA;Origem Externa
2022-03-24;16:42:40;ETH;4,9665;SAÍDA;Para Carteira Externa
2022-03-26;21:36:34;USDC;1360,265617;ENTRADA;Origem Externa
2022-03-26;21:49:40;APE;103,659;SAÍDA;Para Carteira Externa
2022-03-27;22:34:08;UST;20150,0;ENTRADA;Origem Externa
2022-03-28;20:50:44;SOL;6,0;ENTRADA;Origem Externa
2022-03-28;21:26:40;UST;30022,0;ENTRADA;Origem Externa
2022-03-29;09:20:50;BTC;0,18857;SAÍDA;Para Carteira Externa
2022-03-29;09:41:44;BTC;0,17103918;SAÍDA;Para Carteira Externa
2022-03-29;23:16:42;APE;340,43;SAÍDA;Para Carteira Externa
2022-04-06;10:14:40;ETH;2,527;SAÍDA;Para Carteira Externa
2022-04-07;19:29:38;UST;20000,0;ENTRADA;Origem Externa
2022-04-08;12:12:42;ETH;2,5044;SAÍDA;Para Carteira Externa
2022-04-09;12:35:38;UST;30342,0;ENTRADA;Origem Externa
2022-04-11;19:40:52;ETH;0,3;ENTRADA;Origem Externa
2022-04-11;19:40:58;SOL;8,66;ENTRADA;Origem Externa
2022-04-11;19:46:32;ADA;966,0;ENTRADA;Origem Externa
2022-04-11;20:02:42;USDT;2695,4373;SAÍDA;Para Carteira Externa
2022-04-25;16:37:04;KNCL;108,7465311;ENTRADA;Origem Externa
2022-04-25;16:50:44;KNCL;108,7465311;SAÍDA;Para Carteira Externa
2022-04-26;10:05:08;LUNA;250,08183;ENTRADA;Origem Externa
2022-04-26;10:34:44;APE;62,54;SAÍDA;Para Carteira Externa
2022-05-03;21:32:42;UST;953,4264;SAÍDA;Para Carteira Externa
2022-05-03;21:42:40;UST;31000,0;SAÍDA;Para Carteira Externa
2022-05-09;14:31:52;UST;32030,0;ENTRADA;Origem Externa
2022-05-09;14:42:08;UST;302,0;ENTRADA;Origem Externa
2022-05-09;14:58:42;USDT;32008,6498;SAÍDA;Para Carteira Externa
2022-05-10;07:28:44;USDT;3933,7378;SAÍDA;Para Carteira Externa
2022-05-11;12:07:04;USDT;1558,56878;ENTRADA;Origem Externa
2022-05-11;17:58:40;LUNA;6,706582;ENTRADA;Origem Externa
2022-05-12;07:47:44;NEAR;501,1;SAÍDA;Para Carteira Externa
2022-05-12;07:47:48;BTC;0,35869456;SAÍDA;Para Carteira Externa
2022-05-12;08:28:46;ETH;7,5411403;SAÍDA;Para Carteira Externa
2022-05-12;20:31:42;LUNA;58040,0;SAÍDA;Para Carteira Externa
2022-05-13;14:40:46;ALGO;10250,36905;ENTRADA;Origem Externa
2022-05-13;14:52:42;NEAR;501,08769441;ENTRADA;Origem Externa
2022-05-13;15:03:06;ETH;7,5371043;ENTRADA;Origem Externa
2022-05-16;12:46:36;USDC;25000,0;ENTRADA;Origem Externa
2022-05-17;09:17:04;FTT;59,95;ENTRADA;Origem Externa
2022-05-18;09:43:04;FTT;60,0;ENTRADA;Origem Externa
2022-05-19;14:27:04;FTT;29,97435184;ENTRADA;Origem Externa
2022-05-25;10:38:32;ADA;50003,831956;ENTRADA;Origem Externa
2022-05-27;18:34:40;USDC;19010,0;SAÍDA;Para Carteira Externa
2022-05-27;18:44:40;SOL;8,74999;ENTRADA;Origem Externa
2022-05-27;18:50:36;ADA;699,4288;ENTRADA;Origem Externa
2022-05-31;13:15:08;LUNA;10,0;ENTRADA;Origem Externa
2022-05-31;13:19:36;LUNA;300,3;ENTRADA;Origem Externa
2022-06-01;10:13:40;USDT;666,97431;SAÍDA;Para Carteira Externa
2022-06-08;15:41:36;LUNA;31,856358;ENTRADA;Origem Externa
2022-06-11;08:32:32;USDC;27500,0;ENTRADA;Origem Externa
2022-06-13;08:28:42;BTC;0,5006552;SAÍDA;Para Carteira Externa
2022-06-14;03:40:50;BTC;0,2502;SAÍDA;Para Carteira Externa
2022-06-17;16:24:40;ADA;60003,8;SAÍDA;Para Carteira Externa
2022-06-17;17:02:40;USDC;25060,0;SAÍDA;Para Carteira Externa
2022-06-24;12:12:32;USDC;35098,0;ENTRADA;Origem Externa
2022-06-27;08:20:42;NEXO;9954,0;ENTRADA;Origem Externa
2022-06-27;09:42:42;ETH;5,01;SAÍDA;Para Carteira Externa
2022-06-28;12:08:40;USDC;160,0;SAÍDA;Para Carteira Externa
2022-06-29;08:18:46;BTC;1,0025;SAÍDA;Para Carteira Externa
2022-06-30;18:37:40;ALGO;9959,0;SAÍDA;Para Carteira Externa
2022-07-01;12:18:34;USDC;25000,0;ENTRADA;Origem Externa
2022-07-06;09:22:42;BTC;1,00000925;ENTRADA;Origem Externa
2022-07-12;08:56:40;MATIC;100,1;SAÍDA;Para Carteira Externa
2022-07-12;09:11:54;MATIC;13847,1;SAÍDA;Para Carteira Externa
2022-07-14;12:06:12;ADA;50000,0;ENTRADA;Origem Externa
2022-07-14;18:48:40;ETH;10,01;SAÍDA;Para Carteira Externa
2022-07-16;16:14:52;QNT;6,048;SAÍDA;Para Carteira Externa
2022-07-16;16:26:44;QNT;50,552;SAÍDA;Para Carteira Externa
2022-07-19;11:56:52;MATIC;13946,9986875;ENTRADA;Origem Externa
2022-07-21;07:54:42;QNT;56,504;ENTRADA;Origem Externa
2022-08-06;10:35:40;BNB;50,0205;SAÍDA;Para Carteira Externa
2022-08-06;12:37:40;BUSD;10,0;SAÍDA;Para Carteira Externa
2022-08-06;14:40:40;BNB;10,0205;SAÍDA;Para Carteira Externa
2022-08-06;14:54:40;BUSD;25202,0;SAÍDA;Para Carteira Externa
2022-08-06;22:16:40;NEAR;6,31;SAÍDA;Para Carteira Externa
2022-08-06;22:23:40;NEAR;10,01;SAÍDA;Para Carteira Externa
2022-08-06;22:29:08;NEAR;6,0;ENTRADA;Origem Externa
2022-08-06;22:39:48;NEAR;2626,093;SAÍDA;Para Carteira Externa
2022-08-07;08:46:18;ADA;10120,0;ENTRADA;Origem Externa
2022-08-07;10:36:50;BTC;0,12;ENTRADA;Origem Externa
2022-08-07;10:51:40;NEAR;1439,5;SAÍDA;Para Carteira Externa
2022-08-10;10:42:36;BNB;9,82;ENTRADA;Origem Externa
2022-08-10;11:45:04;USDC;5020,0;ENTRADA;Origem Externa
2022-08-13;22:04:46;BTC;0,55574531;ENTRADA;Origem Externa
2022-08-14;11:47:08;BTC;0,415;ENTRADA;Origem Externa
2022-08-17;12:07:40;SOL;200,11;SAÍDA;Para Carteira Externa
2022-08-17;12:23:40;MATIC;5457,9;SAÍDA;Para Carteira Externa
2022-08-17;12:45:12;BUSD;25202,0;ENTRADA;Origem Externa
2022-08-18;11:28:38;SOL;200,099995;ENTRADA;Origem Externa
2022-08-19;11:06:54;APE;501,489;ENTRADA;Origem Externa
2022-08-19;12:06:32;ADA;50535,511974;ENTRADA;Origem Externa
2022-08-19;12:24:40;AVAX;1,0;SAÍDA;Para Carteira Externa
2022-08-19;12:28:40;AVAX;500,0;SAÍDA;Para Carteira Externa
2022-08-26;10:00:36;ETH;3,0;ENTRADA;Origem Externa
2022-08-29;08:06:32;BTC;1,0;ENTRADA;Origem Externa
2022-08-29;08:36:52;USDC;5600,0;SAÍDA;Para Carteira Externa
2022-08-29;10:17:48;BUSD;20000,0;SAÍDA;Para Carteira Externa
2022-08-29;10:38:50;BUSD;40000,0;SAÍDA;Para Carteira Externa
2022-09-14;18:48:56;ETH;12,0;ENTRADA;Origem Externa
2022-09-19;08:57:04;NEAR;2,0;ENTRADA;Origem Externa
2022-09-19;09:04:56;NEAR;929,1052;SAÍDA;Para Carteira Externa
2022-09-30;20:06:44;ETH;12,0;SAÍDA;Para Carteira Externa
2022-10-07;09:53:10;LINK;501,50007;SAÍDA;Para Carteira Externa
2022-10-11;12:07:08;BTC;0,96;SAÍDA;Para Carteira Externa
2022-10-11;12:13:28;BUSD;6500,0;ENTRADA;Origem Externa
2022-10-21;12:45:14;BTC;0,50679;SAÍDA;Para Carteira Externa
2022-10-21;12:55:10;BUSD;30000,0;ENTRADA;Origem Externa
2022-10-21;13:33:08;ETH;7,6101822;SAÍDA;Para Carteira Externa
2022-11-14;18:11:04;BUSD;125,0;ENTRADA;Origem Externa
2022-11-14;18:11:04;USDC;125,0;ENTRADA;Origem Externa
2022-11-15;22:00:40;USDC;203,2;SAÍDA;Para Carteira Externa
2022-11-16;09:20:44;BTC;0,501;SAÍDA;Para Carteira Externa
2022-11-16;18:08:42;ETH;9,6906812;SAÍDA;Para Carteira Externa
2022-11-17;09:48:32;BUSD;10370,0;ENTRADA;Origem Externa
2022-11-17;11:19:04;BNB;50,0;ENTRADA;Origem Externa
2022-11-18;14:10:40;BUSD;8000,0;SAÍDA;Para Carteira Externa
2022-11-18;19:38:42;SOL;475,0;SAÍDA;Para Carteira Externa
2022-11-18;20:47:40;MATIC;4600,0;SAÍDA;Para Carteira Externa
2022-11-19;13:46:40;ADA;20766,6;SAÍDA;Para Carteira Externa
2022-11-19;14:03:04;BUSD;20060,501592;ENTRADA;Origem Externa
2022-11-19;14:03:04;USDC;20060,501592;ENTRADA;Origem Externa
2022-11-26;12:28:32;AVAX;0,95;ENTRADA;Origem Externa
2022-11-26;12:35:02;AVAX;500,028;ENTRADA;Origem Externa
2022-11-26;22:21:38;SOL;474,991995;ENTRADA;Origem Externa
2022-11-28;10:42:04;ALGO;29969,228218;ENTRADA;Origem Externa
2022-11-28;10:54:32;ALGO;20062,024588;ENTRADA;Origem Externa
2022-11-28;13:54:44;BTC;1,00371314;SAÍDA;Para Carteira Externa
2022-11-29;12:52:44;BTC;0,503;SAÍDA;Para Carteira Externa
2022-11-30;13:08:36;XRP;5014,013693;ENTRADA;Origem Externa
2022-11-30;13:32:40;DOGE;20020,0;SAÍDA;Para Carteira Externa
2022-12-02;11:42:42;SOL;475,0;SAÍDA;Para Carteira Externa
2022-12-05;14:18:40;ADA;27000,6;SAÍDA;Para Carteira Externa
2022-12-10;12:38:40;FLUX;7,17;SAÍDA;Para Carteira Externa
2022-12-10;12:44:40;FLUX;730,19;SAÍDA;Para Carteira Externa
2022-12-10;12:47:32;BNB;0,2;ENTRADA;Origem Externa
2022-12-10;13:10:42;KDA;2,1;SAÍDA;Para Carteira Externa
2022-12-10;13:16:40;KDA;4999,9;SAÍDA;Para Carteira Externa
2022-12-12;15:17:48;BTC;1,0002;SAÍDA;Para Carteira Externa
2022-12-12;16:09:46;BTC;0,62602418;SAÍDA;Para Carteira Externa
2023-01-17;12:09:04;BUSD;10010,05767;ENTRADA;Origem Externa
2023-01-17;12:09:04;USDC;10010,05767;ENTRADA;Origem Externa
2023-01-17;12:17:04;BTC;1,15;ENTRADA;Origem Externa
2023-01-17;13:47:04;ETH;0,135;ENTRADA;Origem Externa
2023-01-17;13:57:32;ETH;0,192;ENTRADA;Origem Externa
2023-01-18;05:16:34;ETH;0,035;ENTRADA;Origem Externa
2023-01-18;12:45:04;BTC;0,0509085;ENTRADA;Origem Externa
2023-01-19;00:18:42;ETH;10,0718872;SAÍDA;Para Carteira Externa
2023-01-19;00:24:40;SOL;259,0;SAÍDA;Para Carteira Externa
2023-01-21;10:43:08;BTC;1,0;ENTRADA;Origem Externa
2023-01-23;22:54:40;SOL;242,5;SAÍDA;Para Carteira Externa
2023-01-24;22:15:42;NEAR;2987,0;SAÍDA;Para Carteira Externa
2023-01-24;22:46:42;SOL;306,0;SAÍDA;Para Carteira Externa
2023-02-01;14:01:08;SOL;300,0;ENTRADA;Origem Externa
2023-02-01;16:46:08;BTC;1,0;ENTRADA;Origem Externa
2023-02-02;11:24:08;NEAR;1,0;ENTRADA;Origem Externa
2023-02-02;11:28:36;NEAR;2014,0;ENTRADA;Origem Externa
2023-02-03;19:32:42;ETH;1,21;SAÍDA;Para Carteira Externa
2023-02-03;21:14:42;ETH;0,02786;SAÍDA;Para Carteira Externa
2023-02-03;22:06:40;ETH;0,025792;SAÍDA;Para Carteira Externa
2023-02-03;23:37:32;FLUX;737,02;ENTRADA;Origem Externa
2023-02-03;23:50:06;KDA;2000,0;ENTRADA;Origem Externa
2023-02-14;11:53:42;BUSD;50,0;SAÍDA;Para Carteira Externa
2023-02-14;12:03:42;BUSD;4928,0;SAÍDA;Para Carteira Externa
2023-02-17;22:05:40;BUSD;390,0355175;SAÍDA;Para Carteira Externa
2023-02-18;12:36:42;BUSD;1347,23623;SAÍDA;Para Carteira Externa
2023-02-21;12:13:40;NEAR;1815,0;SAÍDA;Para Carteira Externa
2023-02-21;12:30:40;AVAX;505,3;SAÍDA;Para Carteira Externa
2023-02-21;12:47:42;SOL;379,71;SAÍDA;Para Carteira Externa
2023-02-22;00:04:40;KDA;2000,0;SAÍDA;Para Carteira Externa
2023-02-22;12:30:04;AVAX;105,0;ENTRADA;Origem Externa
2023-02-22;12:38:40;BUSD;2138,96478;SAÍDA;Para Carteira Externa
2023-02-24;14:21:40;BUSD;2580,2219;SAÍDA;Para Carteira Externa
2023-02-27;13:29:08;NEAR;1815,0;ENTRADA;Origem Externa
2023-03-01;12:51:10;SOL;300,0;ENTRADA;Origem Externa
2023-03-01;13:08:40;USDC;10837,5636;SAÍDA;Para Carteira Externa
2023-03-02;13:06:40;ETH;0,1;SAÍDA;Para Carteira Externa
2023-03-02;13:24:40;ETH;0,9546;SAÍDA;Para Carteira Externa
2023-03-03;18:50:42;PYR;290,866;SAÍDA;Para Carteira Externa
2023-03-03;18:54:40;RNDR;2006,22;SAÍDA;Para Carteira Externa
2023-03-03;21:55:40;ETH;0,3525;SAÍDA;Para Carteira Externa
2023-03-04;12:52:40;ETH;0,3079676;SAÍDA;Para Carteira Externa
2023-03-04;23:00:40;ETH;0,0112;SAÍDA;Para Carteira Externa
2023-03-04;23:30:40;FLUX;1516,37;SAÍDA;Para Carteira Externa
2023-03-06;00:29:40;BUSD;6238,230475;SAÍDA;Para Carteira Externa
2023-03-06;11:56:32;ADA;48361,0;ENTRADA;Origem Externa
2023-03-06;12:40:42;USDC;16008,06811;SAÍDA;Para Carteira Externa
2023-03-06;12:48:40;GNO;10,208;SAÍDA;Para Carteira Externa
2023-03-06;15:00:42;USDC;178,1408;SAÍDA;Para Carteira Externa
2023-03-09;11:31:04;USDC;7000,0;ENTRADA;Origem Externa
2023-03-09;11:31:04;BUSD;7000,0;ENTRADA;Origem Externa
2023-03-09;11:41:42;BUSD;1994,8575;SAÍDA;Para Carteira Externa
2023-03-09;12:49:40;IMX;1065,24812;SAÍDA;Para Carteira Externa
2023-03-09;12:54:40;SOL;89,91321;SAÍDA;Para Carteira Externa
2023-03-09;13:12:40;AVAX;10,008;SAÍDA;Para Carteira Externa
2023-03-09;13:40:40;AVAX;140,841;SAÍDA;Para Carteira Externa
2023-03-10;16:05:04;BTC;0,0981588;ENTRADA;Origem Externa
2023-03-11;08:25:04;USDC;6511,17251;ENTRADA;Origem Externa
2023-03-11;08:46:40;USDC;1001,0;SAÍDA;Para Carteira Externa
2023-03-11;09:06:40;USDC;5510,17251;SAÍDA;Para Carteira Externa
2023-03-11;09:36:42;BUSD;1951,6026804;SAÍDA;Para Carteira Externa
2023-03-11;10:19:04;ETH;0,65;ENTRADA;Origem Externa
2023-03-11;10:25:40;BUSD;937,856205;SAÍDA;Para Carteira Externa
2023-03-11;14:08:32;AVAX;566,027666;ENTRADA;Origem Externa
2023-03-11;14:17:04;ETH;0,59;ENTRADA;Origem Externa
2023-03-11;14:51:42;BTC;0,43853975;SAÍDA;Para Carteira Externa
2023-03-11;15:16:32;ADA;18447,000915;ENTRADA;Origem Externa
2023-03-11;15:40:42;BTC;0,27974769;SAÍDA;Para Carteira Externa
2023-03-14;11:59:08;NEAR;1064,0;ENTRADA;Origem Externa
2023-03-14;12:16:40;AVAX;129,94;SAÍDA;Para Carteira Externa
2023-03-15;14:14:34;LINK;501,08007;ENTRADA;Origem Externa
2023-03-15;14:26:40;GMX;46,162;SAÍDA;Para Carteira Externa
2023-05-04;10:46:04;ETH;1,0;ENTRADA;Origem Externa
2023-05-04;11:11:42;SOL;85,424;SAÍDA;Para Carteira Externa
2023-05-05;09:02:32;BTC;0,10165895;ENTRADA;Origem Externa
2023-05-05;10:15:06;BTC;0,10917083;ENTRADA;Origem Externa
2023-05-05;20:27:40;SOL;199,17;SAÍDA;Para Carteira Externa
2023-05-07;12:42:40;ADA;4564,4;SAÍDA;Para Carteira Externa
2023-05-18;13:26:04;BTC;0,715;ENTRADA;Origem Externa
2023-05-18;18:18:40;ADA;44962,9802;SAÍDA;Para Carteira Externa
2023-05-26;22:07:04;ETH;0,13900455;ENTRADA;Origem Externa
2023-05-26;22:28:40;ADA;698,8;SAÍDA;Para Carteira Externa
2023-06-04;11:26:08;BTC;0,068;ENTRADA;Origem Externa
2023-06-04;11:37:04;BTC;0,0679;ENTRADA;Origem Externa
2023-06-04;12:01:04;BTC;0,366;ENTRADA;Origem Externa
2023-06-04;12:28:42;SOL;250,008;SAÍDA;Para Carteira Externa
2023-06-04;12:36:42;SOL;250,58684;SAÍDA;Para Carteira Externa
2023-06-04;12:42:40;NEAR;810,4887;SAÍDA;Para Carteira Externa
2023-06-06;11:50:40;RNDR;1503,36775;SAÍDA;Para Carteira Externa
2023-06-07;21:51:38;PYR;290,8;ENTRADA;Origem Externa
2023-06-07;21:53:38;MATIC;10057,68397535;ENTRADA;Origem Externa
2023-06-07;22:27:40;BTC;0,32614174;SAÍDA;Para Carteira Externa
2023-06-23;11:58:08;BTC;0,1317756;ENTRADA;Origem Externa
2023-06-23;12:24:40;ADA;6778,3778;SAÍDA;Para Carteira Externa
2023-06-23;13:35:44;BTC;0,06589326;SAÍDA;Para Carteira Externa
2023-06-26;18:58:08;BTC;0,0944;ENTRADA;Origem Externa
2023-06-26;19:14:40;AVAX;101,0;SAÍDA;Para Carteira Externa
2023-06-26;19:26:40;NEAR;969,2542;SAÍDA;Para Carteira Externa
2023-06-27;11:04:08;BTC;0,03710569;ENTRADA;Origem Externa
2023-06-27;11:17:42;NEAR;570,0;SAÍDA;Para Carteira Externa
2023-06-27;11:26:40;AVAX;22,06;SAÍDA;Para Carteira Externa
2023-06-28;12:08:32;ETH;1,24233872;ENTRADA;Origem Externa
2023-06-28;12:31:28;ETH;1,0;ENTRADA;Origem Externa
2023-06-28;12:53:32;AVAX;2,8;ENTRADA;Origem Externa
2023-06-28;13:11:40;AVAX;1,2;SAÍDA;Para Carteira Externa
2023-06-28;13:30:06;AVAX;1,1;ENTRADA;Origem Externa
2023-06-28;13:36:40;AVAX;226,5;SAÍDA;Para Carteira Externa
2023-06-28;13:57:40;AVAX;3,0;SAÍDA;Para Carteira Externa
2023-06-28;14:01:40;AVAX;97,60148;SAÍDA;Para Carteira Externa
2023-06-28;15:15:40;AVAX;1,0;SAÍDA;Para Carteira Externa
2023-06-29;16:58:08;BTC;0,01975439;ENTRADA;Origem Externa
2023-06-29;17:12:40;AVAX;23,08101;SAÍDA;Para Carteira Externa
2023-06-29;17:28:40;ADA;1134,6642;SAÍDA;Para Carteira Externa
2023-07-03;19:56:08;BTC;0,02881624;ENTRADA;Origem Externa
2023-07-03;21:05:42;NEAR;619,4799;SAÍDA;Para Carteira Externa
2023-07-04;20:38:32;ETH;2,005;ENTRADA;Origem Externa
2023-07-04;20:53:42;SOL;199,607193;SAÍDA;Para Carteira Externa
2023-07-11;10:04:08;BTC;0,0384201;ENTRADA;Origem Externa
2023-07-11;17:01:42;SOL;53,21673;SAÍDA;Para Carteira Externa
2023-07-15;12:12:08;BTC;0,03226631;ENTRADA;Origem Externa
2023-07-15;13:11:40;SOL;33,83676;SAÍDA;Para Carteira Externa
2023-07-19;11:32:08;BTC;0,5;ENTRADA;Origem Externa
2023-07-19;11:45:42;SOL;181,92676;SAÍDA;Para Carteira Externa
2023-07-19;12:06:42;XRP;5014,98;SAÍDA;Para Carteira Externa
2023-07-31;18:52:44;BTC;0,20800478;SAÍDA;Para Carteira Externa
2023-08-28;13:22:48;KDA;1,0;ENTRADA;Origem Externa
2023-08-28;13:32:52;KDA;5000,696036;ENTRADA;Origem Externa
2023-08-28;14:27:02;IMX;1061,10812;ENTRADA;Origem Externa
2023-08-28;14:47:40;RNDR;1501,54775;ENTRADA;Origem Externa
2023-08-28;15:16:40;BUSD;5133,940585;SAÍDA;Para Carteira Externa
2023-09-02;12:35:44;MAGIC;804,25123833;ENTRADA;Origem Externa
2023-09-02;12:54:46;GNO;10,168;ENTRADA;Origem Externa
2023-09-02;13:10:40;BUSD;394,98262;SAÍDA;Para Carteira Externa
2023-09-02;13:14:42;USDT;1023,9323;SAÍDA;Para Carteira Externa
2023-09-13;16:38:24;BTC;0,975;ENTRADA;Origem Externa
2023-09-13;16:53:40;USDC;25638,0;SAÍDA;Para Carteira Externa
2023-09-21;23:24:14;BTC;1,00996756;ENTRADA;Origem Externa
2023-09-21;23:57:40;USDC;26828,0;SAÍDA;Para Carteira Externa
2023-10-15;12:37:20;USDC;22460,0;ENTRADA;Origem Externa
2023-10-15;13:19:06;NEAR;0,00182;ENTRADA;Origem Externa
2023-10-15;13:21:52;NEAR;2158,0;ENTRADA;Origem Externa
2023-10-15;14:00:48;BTC;0,91766845;SAÍDA;Para Carteira Externa
2023-10-19;11:36:58;ADA;50151,153289;ENTRADA;Origem Externa
2023-10-19;11:56:40;SOL;10,008;SAÍDA;Para Carteira Externa
2023-10-19;12:17:40;SOL;40,008;SAÍDA;Para Carteira Externa
2023-10-19;12:59:42;SOL;454,14405;SAÍDA;Para Carteira Externa
2023-10-23;23:13:20;AVAX;250,17490895;ENTRADA;Origem Externa
2023-10-23;23:19:40;RNDR;2003,38;ENTRADA;Origem Externa
2023-10-23;23:37:48;BNB;0,01836771;ENTRADA;Origem Externa
2023-10-23;23:56:36;BNB;0,1996498;ENTRADA;Origem Externa
2023-10-24;00:04:40;ETH;0,028967;SAÍDA;Para Carteira Externa
2023-10-24;17:24:40;USDC;10000,95;ENTRADA;Origem Externa
2023-11-01;15:49:40;SOL;1,0;ENTRADA;Origem Externa
2023-11-01;16:10:24;SOL;218,0;ENTRADA;Origem Externa
2023-11-01;18:57:40;SOL;150,0;ENTRADA;Origem Externa
2023-11-04;03:20:28;AVAX;250,12901;ENTRADA;Origem Externa
2023-11-07;19:48:42;USDT;2094,0;SAÍDA;Para Carteira Externa
2023-11-07;20:49:40;USDT;1200,0;SAÍDA;Para Carteira Externa
2023-11-08;00:07:26;ETH;0,23;ENTRADA;Origem Externa
2023-11-08;00:17:40;SOL;10,5;SAÍDA;Para Carteira Externa
2023-11-08;19:28:12;ETH;1,11305073;ENTRADA;Origem Externa
2023-11-08;20:03:42;USDT;1206,0;SAÍDA;Para Carteira Externa
2023-11-08;20:06:40;SOL;20,2;SAÍDA;Para Carteira Externa
2023-11-10;09:49:58;ETH;1,04696718;ENTRADA;Origem Externa
2023-11-12;16:35:42;USDC;12,0;SAÍDA;Para Carteira Externa
2023-11-12;16:38:42;USDC;9994,95;SAÍDA;Para Carteira Externa
2023-11-12;18:12:40;IMX;2505,30909;SAÍDA;Para Carteira Externa
2023-11-12;18:23:42;RNDR;2004,297;SAÍDA;Para Carteira Externa
2023-11-12;20:46:18;AVAX;500,87348;ENTRADA;Origem Externa
2023-11-12;21:30:36;SOL;43,43;ENTRADA;Origem Externa
2023-11-12;22:14:20;BTC;0,36;ENTRADA;Origem Externa
2023-11-12;22:49:42;USDT;4950,0;SAÍDA;Para Carteira Externa
2023-11-13;00:26:42;USDT;3008,0;SAÍDA;Para Carteira Externa
2023-11-13;00:44:42;IMX;2505,492;SAÍDA;Para Carteira Externa
2023-11-13;01:12:40;RNDR;1003,995;SAÍDA;Para Carteira Externa
2023-11-13;22:22:42;SOL;43,43;SAÍDA;Para Carteira Externa
2023-11-13;22:36:16;BTC;0,61566172;ENTRADA;Origem Externa
2023-11-13;22:44:42;LINK;501,498;SAÍDA;Para Carteira Externa
2023-11-13;22:55:40;BNB;37,7716674;SAÍDA;Para Carteira Externa
2023-11-13;23:31:36;BNB;0,35;ENTRADA;Origem Externa
2023-11-13;23:37:42;PYR;1001,870127;SAÍDA;Para Carteira Externa
2023-11-15;14:27:08;ETH;5,0;ENTRADA;Origem Externa
2023-11-16;00:11:42;TIA;0,2;SAÍDA;Para Carteira Externa
2023-11-16;00:19:40;TIA;1000,2;SAÍDA;Para Carteira Externa
2023-11-16;21:31:20;SOL;103,43;ENTRADA;Origem Externa
2023-11-16;21:35:40;AVAX;502,00079;SAÍDA;Para Carteira Externa
2023-11-17;14:22:38;XRP;9990,01;ENTRADA;Origem Externa
2023-11-17;14:38:44;USDT;6029,0;SAÍDA;Para Carteira Externa
2023-11-17;22:29:40;TIA;2,2;SAÍDA;Para Carteira Externa
2023-11-17;22:38:56;TIA;2,0;ENTRADA;Origem Externa
2023-11-17;22:44:42;TIA;1003,28;SAÍDA;Para Carteira Externa
2023-11-17;23:15:42;OSMO;194,0;SAÍDA;Para Carteira Externa
2023-11-19;12:43:44;USDT;106,0;SAÍDA;Para Carteira Externa
2023-11-20;10:20:40;ETH;4,96;ENTRADA;Origem Externa
2023-11-20;10:35:42;BNB;20,31346466;SAÍDA;Para Carteira Externa
2023-11-20;10:50:42;BNB;15,34148525;SAÍDA;Para Carteira Externa
2023-11-20;11:00:54;USDT;1245,0;SAÍDA;Para Carteira Externa
2023-11-21;18:09:42;TIA;987,0084;SAÍDA;Para Carteira Externa
2023-11-21;18:17:42;USDC;20056,0;SAÍDA;Para Carteira Externa
2023-11-22;13:22:56;BTC;0,5;ENTRADA;Origem Externa
2023-11-22;13:42:44;USDT;4060,389596;SAÍDA;Para Carteira Externa
2023-11-22;15:42:42;IMX;3017,095;SAÍDA;Para Carteira Externa
2023-11-22;15:58:40;AVAX;250,008;SAÍDA;Para Carteira Externa
2023-11-22;16:00:40;AVAX;250,55941;SAÍDA;Para Carteira Externa
2023-11-30;21:39:24;USDC;11009,0;ENTRADA;Origem Externa
2023-11-30;22:11:06;BTC;0,03594219;ENTRADA;Origem Externa
2023-11-30;22:23:40;AVAX;343,42804;SAÍDA;Para Carteira Externa
2023-12-01;17:20:42;USDC;5006,0;SAÍDA;Para Carteira Externa
2023-12-02;13:24:04;USDC;2005,0;ENTRADA;Origem Externa
2023-12-02;13:31:40;USDC;2005,0;SAÍDA;Para Carteira Externa
2023-12-04;11:21:16;BTC;0,5;ENTRADA;Origem Externa
2023-12-04;12:05:40;USDC;20752,0;SAÍDA;Para Carteira Externa
2023-12-06;10:11:52;NEAR;1200,0;ENTRADA;Origem Externa
2023-12-06;10:40:36;RNDR;1000,0;ENTRADA;Origem Externa
2023-12-06;10:43:48;IMX;2000,0;ENTRADA;Origem Externa
2023-12-08;11:44:40;ADA;461,2383;SAÍDA;Para Carteira Externa
2023-12-08;18:08:40;ADA;447,552;SAÍDA;Para Carteira Externa
2023-12-09;00:49:10;AVAX;95,0;ENTRADA;Origem Externa
2023-12-09;11:43:22;AVAX;50,0;ENTRADA;Origem Externa
2023-12-12;10:19:44;AVAX;100,0;ENTRADA;Origem Externa
2023-12-12;11:51:36;TIA;7,96;ENTRADA;Origem Externa
2023-12-13;14:27:24;SOL;100,0;ENTRADA;Origem Externa
2023-12-14;12:14:34;USDT;104,0;ENTRADA;Origem Externa
2023-12-14;12:22:32;TIA;18,0;ENTRADA;Origem Externa
2023-12-15;18:35:40;NTRN;5,97;SAÍDA;Para Carteira Externa
2023-12-15;19:02:40;NTRN;4040,0024;SAÍDA;Para Carteira Externa
2023-12-15;21:57:44;USDT;862,0;SAÍDA;Para Carteira Externa
2023-12-15;22:21:42;ETH;0,0044;SAÍDA;Para Carteira Externa
2023-12-17;17:15:32;USDC;450,0;ENTRADA;Origem Externa
2023-12-17;17:39:40;INJ;14,985;SAÍDA;Para Carteira Externa
2023-12-19;13:05:42;ETH;0,5367627;SAÍDA;Para Carteira Externa
2023-12-20;10:14:36;USDT;1239,319899;ENTRADA;Origem Externa
2023-12-20;22:39:32;ETH;0,4;ENTRADA;Origem Externa
2023-12-21;04:40:44;USDT;3901,0;SAÍDA;Para Carteira Externa
2023-12-22;23:38:34;USDT;2264,553006;ENTRADA;Origem Externa
2023-12-22;23:54:40;OSMO;68,931;SAÍDA;Para Carteira Externa
2023-12-23;01:46:40;NTRN;959,0417;SAÍDA;Para Carteira Externa
2023-12-24;13:03:04;AVAX;100,0;ENTRADA;Origem Externa
2023-12-24;13:30:30;TIA;6,5;ENTRADA;Origem Externa
2023-12-24;14:38:30;TIA;494,0;ENTRADA;Origem Externa
2023-12-26;13:03:06;NEAR;1241,0;ENTRADA;Origem Externa
2024-01-02;13:29:48;NEAR;10,0;ENTRADA;Origem Externa
2024-01-02;13:34:26;NEAR;3764,98936224;ENTRADA;Origem Externa
2024-01-19;17:43:44;OSMO;5,06;SAÍDA;Para Carteira Externa
2024-01-19;17:54:40;OSMO;1265,668;SAÍDA;Para Carteira Externa
2024-01-19;20:14:42;OSMO;2472,525;SAÍDA;Para Carteira Externa
2024-01-29;18:49:40;USDT;1000,19;SAÍDA;Para Carteira Externa
2024-01-31;13:39:40;BNB;0,04897819;SAÍDA;Para Carteira Externa
2024-02-07;14:39:36;DYM;385,0;ENTRADA;Origem Externa
2024-02-07;14:50:44;DYM;181,86570976;ENTRADA;Origem Externa
2024-02-07;15:00:32;DYM;1000,0;ENTRADA;Origem Externa
2024-02-07;16:12:42;USDT;4386,19;SAÍDA;Para Carteira Externa
2024-02-08;11:14:42;SEI;5,0;SAÍDA;Para Carteira Externa
2024-02-08;12:27:42;SEI;1,8;ENTRADA;Origem Externa
2024-02-08;12:50:48;SEI;2,0;ENTRADA;Origem Externa
2024-02-08;12:57:42;SEI;5001,0;SAÍDA;Para Carteira Externa
2024-02-10;21:38:44;SOL;1,19;ENTRADA;Origem Externa
2024-02-10;21:45:42;SOL;1,19;SAÍDA;Para Carteira Externa
2024-02-12;22:43:42;USDT;751,0;SAÍDA;Para Carteira Externa
2024-02-12;23:30:44;USDT;6001,0;SAÍDA;Para Carteira Externa
2024-02-14;19:52:22;USDT;1415,47944;ENTRADA;Origem Externa
2024-02-14;20:02:24;USDT;430,089054;ENTRADA;Origem Externa
2024-02-14;20:23:42;OSMO;369,68838;SAÍDA;Para Carteira Externa
2024-02-14;20:36:40;ADA;886,113;SAÍDA;Para Carteira Externa
2024-02-16;20:12:42;SUI;653,0;SAÍDA;Para Carteira Externa
2024-02-20;12:10:46;ALT;804,0;ENTRADA;Origem Externa
2024-02-25;12:27:34;USDT;388,56;ENTRADA;Origem Externa
2024-02-26;16:18:48;XRP;70,0;ENTRADA;Origem Externa
2024-02-26;16:24:46;XRP;10010,174016;ENTRADA;Origem Externa
2024-02-26;16:45:42;SOL;15,984;SAÍDA;Para Carteira Externa
2024-02-29;16:43:20;USDC;2562,349876;ENTRADA;Origem Externa
2024-02-29;17:04:42;USDC;2562,349876;SAÍDA;Para Carteira Externa
2024-03-02;15:50:18;ADA;10000,0;ENTRADA;Origem Externa
2024-03-07;14:46:24;USDC;1443,761042;ENTRADA;Origem Externa
2024-03-07;15:03:42;USDC;1443,761042;SAÍDA;Para Carteira Externa
2024-03-08;14:45:20;KDA;10,0;ENTRADA;Origem Externa
2024-03-08;14:49:16;KDA;532,0;ENTRADA;Origem Externa
2024-03-08;14:59:16;KDA;457,53233859;ENTRADA;Origem Externa
2024-03-08;15:50:50;USDC;1454,679985;ENTRADA;Origem Externa
2024-03-08;16:12:42;USDC;1454,679985;SAÍDA;Para Carteira Externa
2024-03-11;12:08:44;USDT;1200,22;SAÍDA;Para Carteira Externa
2024-03-12;11:33:42;ETH;0,0014985;SAÍDA;Para Carteira Externa
2024-03-18;11:28:46;SOL;50,0;ENTRADA;Origem Externa
2024-03-18;12:09:40;NEAR;270,05;SAÍDA;Para Carteira Externa
2024-03-18;12:16:42;NEAR;2501,5769;SAÍDA;Para Carteira Externa
2024-03-20;15:26:02;ADA;20050,813987;ENTRADA;Origem Externa
2024-03-20;16:29:40;NEAR;423,05;SAÍDA;Para Carteira Externa
2024-03-20;16:34:42;NEAR;1000,525;SAÍDA;Para Carteira Externa
2024-03-20;18:55:44;USDC;6000,0;ENTRADA;Origem Externa
2024-03-23;12:54:20;USDC;102,119183;ENTRADA;Origem Externa
2024-03-23;13:01:42;USDT;102,00508;SAÍDA;Para Carteira Externa
2024-03-23;17:40:16;USDC;15000,0;ENTRADA;Origem Externa
2024-04-04;12:52:40;USDT;110,19;SAÍDA;Para Carteira Externa
2024-04-05;15:12:40;USDT;110,19;SAÍDA;Para Carteira Externa
2024-04-05;21:20:40;ETH;0,003;SAÍDA;Para Carteira Externa
2024-04-05;21:23:40;USDC;101,6;SAÍDA;Para Carteira Externa
2024-04-06;10:38:06;ADA;10000,0;ENTRADA;Origem Externa
2024-04-06;10:46:42;NEAR;800,199;SAÍDA;Para Carteira Externa
2024-04-09;11:57:42;USDT;100,33;SAÍDA;Para Carteira Externa
2024-04-09;13:22:08;USDC;101,1;ENTRADA;Origem Externa
2024-04-09;16:45:16;ETH;0,00277759;ENTRADA;Origem Externa
2024-04-11;12:36:08;ADA;3570,0;ENTRADA;Origem Externa
2024-04-11;12:42:40;ETH;0,58757549;SAÍDA;Para Carteira Externa
2024-04-12;16:38:20;TAO;5,995;ENTRADA;Origem Externa
2024-04-12;21:19:42;USDC;5801,0;SAÍDA;Para Carteira Externa
2024-04-12;22:36:42;NEAR;999,1184;SAÍDA;Para Carteira Externa
2024-04-13;11:42:08;ADA;10030,0;ENTRADA;Origem Externa
2024-04-13;11:43:42;NEAR;999,0022;SAÍDA;Para Carteira Externa
2024-04-13;23:26:40;USDT;1098,30629659;SAÍDA;Para Carteira Externa
2024-04-14;17:11:36;ETH;0,01;ENTRADA;Origem Externa
2024-04-14;17:29:36;ETH;4,9;ENTRADA;Origem Externa
2024-04-14;18:01:40;NEAR;3580,416;SAÍDA;Para Carteira Externa
2024-04-16;12:19:42;USDT;43,0;SAÍDA;Para Carteira Externa
2024-04-17;17:06:44;SUI;7439,728;SAÍDA;Para Carteira Externa
2024-04-18;16:34:40;ICP;10,0003;SAÍDA;Para Carteira Externa
2024-04-18;16:36:40;ICP;1000,99556;SAÍDA;Para Carteira Externa
2024-04-19;11:58:42;NEAR;500,5734;SAÍDA;Para Carteira Externa
2024-04-19;12:16:22;USDC;5521,272043;ENTRADA;Origem Externa
2024-04-19;12:20:44;USDC;354,44085;ENTRADA;Origem Externa
2024-04-21;19:57:36;USDT;214,95465266;ENTRADA;Origem Externa
2024-04-21;23:06:40;NEAR;485,0677;SAÍDA;Para Carteira Externa
2024-04-29;11:44:12;DYM;1,0;ENTRADA;Origem Externa
2024-04-29;11:45:36;DYM;30,0;ENTRADA;Origem Externa
2024-04-29;11:50:24;TIA;31,0;ENTRADA;Origem Externa
2024-04-29;12:00:28;TIA;31,0;ENTRADA;Origem Externa
2024-04-29;12:05:36;DYM;15,6;ENTRADA;Origem Externa
2024-04-29;12:12:18;USDC;241,0;ENTRADA;Origem Externa
2024-04-29;13:49:16;USDC;425,293494;ENTRADA;Origem Externa
2024-04-30;23:50:14;ALT;1000,0;ENTRADA;Origem Externa
2024-05-01;10:31:42;OSMO;500,496276;ENTRADA;Origem Externa
2024-05-01;12:07:08;USDT;502,1644;ENTRADA;Origem Externa
2024-05-01;14:35:16;KDA;100,0;ENTRADA;Origem Externa
2024-05-01;14:41:12;KDA;1900,0;ENTRADA;Origem Externa
2024-05-01;14:48:40;SOL;9,7902;SAÍDA;Para Carteira Externa
2024-05-01;19:19:34;USDT;408,589327;ENTRADA;Origem Externa
2024-05-02;09:42:06;ADA;1900,0;ENTRADA;Origem Externa
2024-05-02;10:05:12;USDT;1639,628765;ENTRADA;Origem Externa
2024-05-02;10:28:40;USDT;6229,0;SAÍDA;Para Carteira Externa
2024-05-02;21:26:12;INJ;3,929;ENTRADA;Origem Externa
2024-05-03;13:47:08;ETH;0,143;ENTRADA;Origem Externa
2024-05-03;18:44:44;USDT;11,0;SAÍDA;Para Carteira Externa
2024-05-03;19:50:44;USDT;8,0;ENTRADA;Origem Externa
2024-05-07;07:55:44;TIA;31,0;ENTRADA;Origem Externa
2024-05-20;08:43:44;SUI;11,0;SAÍDA;Para Carteira Externa
2024-05-20;08:45:42;SUI;2223,8452;SAÍDA;Para Carteira Externa
2024-05-20;19:52:12;INJ;15,85640033;ENTRADA;Origem Externa
2024-05-22;16:05:42;NEAR;400,609025;SAÍDA;Para Carteira Externa
2024-05-25;11:36:08;USDT;1478,679102;ENTRADA;Origem Externa
2024-05-25;12:08:12;KDA;2000,499906;ENTRADA;Origem Externa
2024-05-25;13:15:34;USDT;1167,088183;ENTRADA;Origem Externa
2024-05-25;13:27:40;NEAR;545,46765;SAÍDA;Para Carteira Externa
2024-05-31;10:16:44;TIA;9,5;ENTRADA;Origem Externa
2024-05-31;10:19:10;DYM;8,7;ENTRADA;Origem Externa
2024-05-31;10:20:42;SAGA;4,0;ENTRADA;Origem Externa
2024-05-31;11:19:44;TIA;9,5;ENTRADA;Origem Externa
2024-05-31;11:41:08;USDT;520,0047;ENTRADA;Origem Externa
2024-05-31;11:48:40;USDT;3425,00750664;SAÍDA;Para Carteira Externa
2024-06-10;12:23:18;TIA;12,65;ENTRADA;Origem Externa
2024-06-14;11:08:36;USDC;10040,0;ENTRADA;Origem Externa
2024-06-16;21:35:12;BNB;15,32;ENTRADA;Origem Externa
2024-06-16;21:41:40;NEAR;2499,90352;SAÍDA;Para Carteira Externa
2024-06-21;16:15:44;SAGA;1,5;ENTRADA;Origem Externa
2024-06-21;16:19:16;SAGA;249,997901;ENTRADA;Origem Externa
2024-06-21;16:31:12;DYM;0,6;ENTRADA;Origem Externa
2024-06-21;16:33:12;DYM;4,04;ENTRADA;Origem Externa
2024-06-21;16:54:12;DYM;500,0;ENTRADA;Origem Externa
2024-06-21;16:56:46;TIA;6,0;ENTRADA;Origem Externa
2024-06-21;17:14:20;TIA;266,0;ENTRADA;Origem Externa
2024-06-21;18:15:24;TAO;10,0;ENTRADA;Origem Externa
2024-06-21;18:23:16;NTRN;5005,466061;ENTRADA;Origem Externa
2024-06-21;18:25:20;SEI;5001,039617;ENTRADA;Origem Externa
2024-06-23;16:35:40;FLUX;1510,73;ENTRADA;Origem Externa
2024-06-23;17:46:22;USDC;248,0;ENTRADA;Origem Externa
2024-06-23;17:48:08;ADA;2674,390344;ENTRADA;Origem Externa
2024-06-23;17:56:10;BNB;0,03953077;ENTRADA;Origem Externa
2024-06-23;18:00:54;ETH;0,0092693;ENTRADA;Origem Externa
2024-06-23;18:43:42;SUI;5001,0462775;SAÍDA;Para Carteira Externa
2024-06-23;22:35:40;WIF;1364,0;SAÍDA;Para Carteira Externa
2024-06-24;07:46:16;ICP;1010,99516;ENTRADA;Origem Externa
2024-06-24;07:57:40;NEAR;3526,5666525;SAÍDA;Para Carteira Externa
2024-06-24;10:52:20;TIA;241,0;ENTRADA;Origem Externa
2024-06-24;13:36:42;NEAR;92,8;SAÍDA;Para Carteira Externa
2024-07-06;11:30:40;OSMO;1080,0;ENTRADA;Origem Externa
2024-07-13;10:47:08;ATOM;53,00241;ENTRADA;Origem Externa
2024-07-15;19:10:16;DYM;10,0;ENTRADA;Origem Externa
2024-07-15;19:13:08;DYM;990,34243625;ENTRADA;Origem Externa
2024-07-15;19:18:40;SAGA;250,159791;ENTRADA;Origem Externa
2024-08-03;11:41:40;USDT;12886,01352033;SAÍDA;Para Carteira Externa
2024-08-03;16:13:12;PYR;1000,870127;ENTRADA;Origem Externa
2024-08-03;16:32:42;USDC;2696,0;SAÍDA;Para Carteira Externa
2024-08-08;19:33:36;DYM;6,0;ENTRADA;Origem Externa
2024-08-08;19:34:36;DYM;500,75000834;ENTRADA;Origem Externa
2024-08-09;11:56:18;LINK;501,098;ENTRADA;Origem Externa
2024-08-09;15:06:42;WIF;3217,59994;SAÍDA;Para Carteira Externa
2024-08-10;15:39:20;USDC;10412,007075;ENTRADA;Origem Externa
2024-08-10;17:18:40;TIA;999,007645;SAÍDA;Para Carteira Externa
2024-08-10;23:35:42;WIF;910,13455;SAÍDA;Para Carteira Externa
2024-08-11;23:49:42;SOL;7,033312;SAÍDA;Para Carteira Externa
2024-08-13;11:23:20;USDC;7800,0;ENTRADA;Origem Externa
2024-08-13;11:33:42;SUI;5000,544965;SAÍDA;Para Carteira Externa
2024-08-13;11:47:42;TIA;880,96229;SAÍDA;Para Carteira Externa
2024-09-06;10:08:16;ETH;10,02136742;ENTRADA;Origem Externa
2024-09-09;10:02:16;USDC;14160,361333;ENTRADA;Origem Externa
2024-09-15;08:27:40;USDT;11200,69774148;SAÍDA;Para Carteira Externa
2024-09-24;12:09:20;TAO;20,04975008;ENTRADA;Origem Externa
2024-09-25;11:29:42;USDT;873,48373391;SAÍDA;Para Carteira Externa
2024-10-08;11:19:42;USDT;81,237278;SAÍDA;Para Carteira Externa
2024-10-08;11:55:36;EIGEN;168,01383702;ENTRADA;Origem Externa
2024-10-08;11:59:36;ETH;1,0;ENTRADA;Origem Externa
2024-10-08;12:10:42;SOL;20,979;SAÍDA;Para Carteira Externa
2024-10-10;10:36:42;XRP;9,999988;ENTRADA;Origem Externa
2024-10-10;10:40:26;ETH;0,00551321;ENTRADA;Origem Externa
2024-10-10;10:57:36;BNB;0,3;ENTRADA;Origem Externa
2024-10-10;10:58:36;USDT;132,34614968;ENTRADA;Origem Externa
2024-10-10;12:04:42;SOL;2,294;SAÍDA;Para Carteira Externa
2024-10-10;12:33:36;ETH;0,1;ENTRADA;Origem Externa
2024-10-10;12:43:42;SOL;1,715;SAÍDA;Para Carteira Externa
2024-10-12;14:03:20;USDC;10043,946288;ENTRADA;Origem Externa
2024-10-12;14:47:42;RENDER;2004,0;ENTRADA;Origem Externa
2024-10-12;14:51:40;TIA;1927,0;ENTRADA;Origem Externa
2024-10-12;21:31:16;ETH;1,0;ENTRADA;Origem Externa
2024-10-13;10:42:42;SUI;227,06;SAÍDA;Para Carteira Externa
2024-10-16;10:05:42;SOL;13,424;SAÍDA;Para Carteira Externa
2024-11-05;12:52:36;ETH;1,0;ENTRADA;Origem Externa
2024-11-05;13:07:42;USDT;2445,06094;SAÍDA;Para Carteira Externa
2024-11-10;08:03:20;SUI;2,0;ENTRADA;Origem Externa
2024-11-10;08:07:20;SUI;17810,0;ENTRADA;Origem Externa
2024-11-10;08:13:20;SUI;2265,0;ENTRADA;Origem Externa
2024-11-10;13:30:28;BNB;1,036;ENTRADA;Origem Externa
2024-11-10;13:50:28;TIA;8,33;ENTRADA;Origem Externa
2024-11-10;13:52:42;TIA;8,14;ENTRADA;Origem Externa
2024-11-12;10:22:42;SUI;2,06;SAÍDA;Para Carteira Externa
2024-11-12;10:24:44;SUI;20000,7537;SAÍDA;Para Carteira Externa
2024-11-12;11:19:20;SOL;146,16;ENTRADA;Origem Externa
2024-11-14;09:57:20;NEAR;718,0;ENTRADA;Origem Externa
2024-11-14;10:21:36;ETH;1,10690356;ENTRADA;Origem Externa
2024-11-15;14:01:44;SOL;45,01;SAÍDA;Para Carteira Externa
2024-11-19;09:52:44;WIF;4445,0;ENTRADA;Origem Externa
2024-11-19;10:11:36;IMX;6010,35609;ENTRADA;Origem Externa
2024-11-19;10:17:12;BEAMX;301065,30276897;ENTRADA;Origem Externa
2024-11-19;11:29:42;SUI;2000,06;SAÍDA;Para Carteira Externa
2024-11-19;11:33:42;SUI;8000,06;SAÍDA;Para Carteira Externa
2024-11-20;01:46:12;ETH;10,01051571;ENTRADA;Origem Externa
2024-11-21;07:06:44;SOL;21,01;SAÍDA;Para Carteira Externa
2024-11-21;18:28:12;ETH;0,021;ENTRADA;Origem Externa
2024-11-21;18:33:12;BNB;0,03167654;ENTRADA;Origem Externa
2024-11-21;21:26:14;ETH;0,0016;ENTRADA;Origem Externa
2024-11-21;21:28:36;ETH;0,00127;ENTRADA;Origem Externa
2024-11-21;22:15:44;ETH;0,002;ENTRADA;Origem Externa
2024-11-22;13:38:38;ETH;0,0066;ENTRADA;Origem Externa
2024-11-22;13:55:44;SUI;10000,8613;SAÍDA;Para Carteira Externa
2024-11-22;16:16:34;ETH;0,00252622;ENTRADA;Origem Externa
2024-11-23;12:50:44;SOL;6,4;SAÍDA;Para Carteira Externa
2024-11-24;08:28:40;SOL;7,808;SAÍDA;Para Carteira Externa
2024-11-24;14:48:42;SUI;3100,0;SAÍDA;Para Carteira Externa
2024-11-25;00:00:32;NEAR;53,0;ENTRADA;Origem Externa
2024-11-27;19:27:14;SOL;26,0;ENTRADA;Origem Externa
2024-11-27;19:34:14;SOL;25,5;ENTRADA;Origem Externa
2024-11-28;09:44:16;BTC;0,50090539;ENTRADA;Origem Externa
2024-11-28;09:58:36;BTC;0,5346503;ENTRADA;Origem Externa
2024-11-28;12:24:44;SUI;7000,0;SAÍDA;Para Carteira Externa
2024-11-28;14:14:42;ETH;0,95;SAÍDA;Para Carteira Externa
2024-11-28;18:12:36;WIF;635,828181;ENTRADA;Origem Externa
2024-11-29;01:19:40;ETH;1,0;SAÍDA;Para Carteira Externa
2024-12-02;13:39:12;NEAR;33,19;ENTRADA;Origem Externa
2024-12-02;22:37:40;USDT;5050,0;SAÍDA;Para Carteira Externa
2024-12-03;08:50:38;ETH;0,29;ENTRADA;Origem Externa
2024-12-03;08:57:40;ETH;0,295;SAÍDA;Para Carteira Externa
2024-12-03;22:23:42;ENA;2230,0;SAÍDA;Para Carteira Externa
2024-12-04;12:23:40;ENA;6900,0;SAÍDA;Para Carteira Externa
2024-12-06;11:19:34;ACX;10007,73842306;ENTRADA;Origem Externa
2024-12-06;17:34:42;USDT;24899,9;SAÍDA;Para Carteira Externa
2024-12-11;11:43:42;USDT;5750,0;SAÍDA;Para Carteira Externa
2024-12-11;12:07:12;SOL;68,6;ENTRADA;Origem Externa
2024-12-12;08:45:42;USDT;10000,0;SAÍDA;Para Carteira Externa
2024-12-12;13:26:42;USDT;5000,0;SAÍDA;Para Carteira Externa
2024-12-14;13:17:40;USDT;8690,0;SAÍDA;Para Carteira Externa
2024-12-14;23:48:40;USDT;7610,0;SAÍDA;Para Carteira Externa
2024-12-15;16:24:32;SOL;100,0;ENTRADA;Origem Externa
2024-12-15;16:30:42;USDT;19506,0;SAÍDA;Para Carteira Externa
2024-12-19;14:51:42;USDT;4500,0;SAÍDA;Para Carteira Externa
2024-12-20;12:01:44;USDT;10520,99;SAÍDA;Para Carteira Externa
2024-12-20;20:14:12;SOL;1,5;ENTRADA;Origem Externa
2024-12-26;18:54:12;SOL;5,0;ENTRADA;Origem Externa
2024-12-26;19:21:12;NEAR;113,0;ENTRADA;Origem Externa
2024-12-30;21:06:44;USDT;4772,68;SAÍDA;Para Carteira Externa
2025-02-03;17:20:16;AVAX;250,0;ENTRADA;Origem Externa
2025-02-05;12:49:32;SOL;20,0;ENTRADA;Origem Externa
2025-02-05;12:59:42;USDT;4105,0;SAÍDA;Para Carteira Externa
2025-02-07;15:07:32;SOL;4,0;ENTRADA;Origem Externa
2025-02-07;15:09:10;NEAR;244,0;ENTRADA;Origem Externa
2025-02-07;15:14:42;USDT;1624,2;SAÍDA;Para Carteira Externa
2025-02-08;14:56:32;TIA;25,14;ENTRADA;Origem Externa
2025-02-08;15:04:10;TIA;25,15;ENTRADA;Origem Externa
2025-02-10;18:43:32;AVAX;249,3;ENTRADA;Origem Externa
2025-02-10;18:48:40;AVAX;249,3;SAÍDA;Para Carteira Externa
2025-03-11;14:18:16;SOL;16,3;ENTRADA;Origem Externa
2025-03-12;12:27:32;SOL;501,0;ENTRADA;Origem Externa
2025-03-15;11:54:42;USDT;5500,0;SAÍDA;Para Carteira Externa
2025-03-19;16:58:16;USDT;8017,99294014;ENTRADA;Origem Externa
2025-03-25;19:27:16;USDT;9993,922723;ENTRADA;Origem Externa
2025-03-25;19:45:48;USDT;5001,0;SAÍDA;Para Carteira Externa
2025-04-01;19:28:32;SOL;9,0;ENTRADA;Origem Externa
2025-04-01;19:39:12;USDT;8700,0;ENTRADA;Origem Externa
2025-04-03;11:30:50;USDT;3091,61622809;ENTRADA;Origem Externa
2025-04-03;11:48:32;AVAX;250,10083;ENTRADA;Origem Externa
2025-04-03;13:05:18;OSMO;4776,730198;ENTRADA;Origem Externa
2025-04-05;18:24:14;NEAR;287,5;ENTRADA;Origem Externa
2025-04-05;18:24:32;NEAR;0,0001;ENTRADA;Origem Externa
2025-04-06;12:33:12;NEAR;10000,0;ENTRADA;Origem Externa
2025-04-06;12:33:32;NEAR;0,0001;ENTRADA;Origem Externa
2025-04-06;12:47:32;AVAX;250,297;ENTRADA;Origem Externa
2025-04-06;12:58:12;AVAX;250,54941;ENTRADA;Origem Externa
2025-04-09;22:42:08;WIF;10003,0;SAÍDA;Para Carteira Externa
2025-04-10;09:49:12;NEAR;0,0001;ENTRADA;Origem Externa
2025-04-10;09:49:14;NEAR;10012,0;ENTRADA;Origem Externa
2025-04-20;12:32:16;USDT;1024,941734;ENTRADA;Origem Externa
2025-04-20;12:41:20;USDT;3048,337448;ENTRADA;Origem Externa
2025-04-20;12:41:20;USDT;0,015;ENTRADA;Origem Externa
2025-04-22;22:44:34;SUI;20000,0;ENTRADA;Origem Externa
2025-04-23;05:04:34;SUI;20000,0;ENTRADA;Origem Externa
2025-04-23;17:51:36;BNB;0,02;SAÍDA;Para Carteira Externa
2025-04-23;17:54:24;USDT;1593,94225511;ENTRADA;Origem Externa
2025-04-24;12:34:16;TIA;999,998133;ENTRADA;Origem Externa
2025-04-24;12:41:36;TIA;999,998134;ENTRADA;Origem Externa
2025-04-25;09:46:18;USDT;3931,00554836;ENTRADA;Origem Externa
2025-05-01;10:13:08;SUI;10000,0;SAÍDA;Para Carteira Externa
2025-05-01;19:05:20;SOL;8,42;ENTRADA;Origem Externa
2025-05-04;12:42:32;BTC;1,00012;SAÍDA;Para Carteira Externa
2025-05-06;23:46:32;USDT;2510,0;SAÍDA;Para Carteira Externa
2025-05-12;16:41:34;SUI;10000,0;SAÍDA;Para Carteira Externa
2025-05-12;16:56:08;SUI;9544,06;SAÍDA;Para Carteira Externa
2025-05-12;17:20:26;ENA;9223,37657276;ENTRADA;Origem Externa
2025-05-12;17:37:12;ENA;920,19698396;ENTRADA;Origem Externa
2025-05-12;18:27:32;USDT;9100,0;SAÍDA;Para Carteira Externa
2025-05-15;10:59:32;SUI;10000,64;SAÍDA;Para Carteira Externa
2025-05-15;11:38:16;BTC;0,5;ENTRADA;Origem Externa
2025-05-17;12:42:16;BTC;0,50006892;ENTRADA;Origem Externa
2025-05-23;10:06:16;SOL;8,0;ENTRADA;Origem Externa
2025-05-28;12:08:40;BNB;5,33;ENTRADA;Origem Externa
2025-05-28;12:43:08;GUN;51,89;SAÍDA;Para Carteira Externa
2025-05-28;12:56:14;GUN;50,0;ENTRADA;Origem Externa
2025-05-28;13:04:32;GUN;60100,11;SAÍDA;Para Carteira Externa
2025-05-30;12:52:16;SOL;3,5;ENTRADA;Origem Externa
2025-05-30;12:57:08;USDT;2154,48607178;SAÍDA;Para Carteira Externa
2025-05-30;13:56:12;WLD;100,1;SAÍDA;Para Carteira Externa
2025-05-30;14:00:40;WLD;50,00922301;ENTRADA;Origem Externa
2025-05-30;14:04:36;WLD;9950,2;SAÍDA;Para Carteira Externa
2025-05-31;16:26:40;USDT;1000,0;SAÍDA;Para Carteira Externa
2025-05-31;17:09:36;USDT;1000,0;SAÍDA;Para Carteira Externa
2025-06-07;10:37:24;USDT;3,0134;ENTRADA;Origem Externa
2025-06-07;10:45:14;USDT;8000,0;SAÍDA;Para Carteira Externa
2025-06-10;14:35:10;USDT;10000,0;SAÍDA;Para Carteira Externa
2025-06-21;16:10:40;WIF;10000,0;ENTRADA;Origem Externa
2025-06-22;22:27:32;SUI;11,0;ENTRADA;Origem Externa
2025-06-22;22:30:28;SUI;9989,0;ENTRADA;Origem Externa
2025-06-24;13:48:24;USDT;8540,67852546;ENTRADA;Origem Externa
2025-06-24;14:01:32;SUI;10000,0;ENTRADA;Origem Externa
2025-06-27;17:33:32;SOL;10,0;ENTRADA;Origem Externa
2025-06-29;11:17:40;BNB;0,01870524;ENTRADA;Origem Externa
2025-06-29;11:46:14;BNB;0,01796;ENTRADA;Origem Externa
2025-07-01;12:06:46;USDT;10000,0;SAÍDA;Para Carteira Externa
2025-07-01;12:14:22;USDT;9999,9;ENTRADA;Origem Externa
2025-07-01;12:19:32;USDT;11000,0;SAÍDA;Para Carteira Externa
2025-07-01;13:12:32;USDT;9000,0;SAÍDA;Para Carteira Externa
2025-07-02;09:33:34;USDT;10000,0;SAÍDA;Para Carteira Externa
2025-07-12;11:30:26;USDT;999,8;ENTRADA;Origem Externa
2025-07-13;09:14:08;USDT;3000,0;SAÍDA;Para Carteira Externa
2025-07-13;12:50:10;USDT;3000,0;SAÍDA;Para Carteira Externa
2025-07-13;21:50:36;USDT;7000,0;SAÍDA;Para Carteira Externa
2025-07-17;15:24:08;USDT;15007,0;SAÍDA;Para Carteira Externa
2025-07-18;13:46:22;USDT;101,0;ENTRADA;Origem Externa
2025-07-18;15:25:32;USDT;10491,21499062;SAÍDA;Para Carteira Externa
2025-07-18;20:29:08;USDT;9694,85;SAÍDA;Para Carteira Externa
2025-07-19;11:50:24;USDT;4000,0;ENTRADA;Origem Externa
2025-07-19;17:21:08;USDT;8577,95386;SAÍDA;Para Carteira Externa
2025-07-20;23:19:08;USDT;18000,0;SAÍDA;Para Carteira Externa
2025-07-22;11:01:32;USDT;10000,0;SAÍDA;Para Carteira Externa
2025-07-23;10:23:12;USDT;22000,0;ENTRADA;Origem Externa
2025-07-23;10:35:18;USDT;21940,0;ENTRADA;Origem Externa
2025-08-02;08:16:08;USDT;2715,86737;SAÍDA;Para Carteira Externa
2025-08-04;14:24:24;USDT;10008,39;ENTRADA;Origem Externa
2025-08-06;13:48:08;USDT;5004,844082;SAÍDA;Para Carteira Externa
2025-08-08;22:00:52;ETH;0,025;ENTRADA;Origem Externa
2025-08-08;22:20:14;ETH;0,01;SAÍDA;Para Carteira Externa
2025-08-08;22:25:10;ETH;0,015;SAÍDA;Para Carteira Externa
2025-08-09;16:59:10;SOL;12,0;ENTRADA;Origem Externa
2025-08-09;19:08:08;PENGU;32,0;SAÍDA;Para Carteira Externa
2025-08-09;19:14:32;PENGU;16,0;ENTRADA;Origem Externa
2025-08-09;19:20:12;PENGU;250016,0;SAÍDA;Para Carteira Externa
2025-08-09;20:06:32;PENGU;250016,0;SAÍDA;Para Carteira Externa
2025-08-09;20:27:08;USDT;2160,0;SAÍDA;Para Carteira Externa
2025-08-09;23:44:12;ETH;0,0167;ENTRADA;Origem Externa
2025-08-09;23:51:40;USDT;300,0;ENTRADA;Origem Externa
2025-08-09;23:58:08;ETH;0,0868;SAÍDA;Para Carteira Externa
2025-08-10;10:38:40;USDT;7000,0;ENTRADA;Origem Externa
2025-08-10;19:27:08;USDT;40,643206;SAÍDA;Para Carteira Externa
2025-08-10;19:51:08;SUI;11,0;SAÍDA;Para Carteira Externa
2025-08-10;20:01:12;SUI;9989,26;SAÍDA;Para Carteira Externa
2025-08-10;22:27:32;SUI;10001,06;SAÍDA;Para Carteira Externa
2025-08-12;11:16:14;USDT;2890,0;ENTRADA;Origem Externa
2025-08-13;09:25:42;USDT;9722,475;ENTRADA;Origem Externa
2025-08-18;11:23:08;PENGU;250000,0;SAÍDA;Para Carteira Externa
2025-08-18;11:28:08;PENGU;250050,0;SAÍDA;Para Carteira Externa
2025-08-19;16:26:12;USDT;11980,55062063;ENTRADA;Origem Externa
2025-08-22;17:46:08;USDT;2148,0;SAÍDA;Para Carteira Externa
2025-09-12;12:47:08;USDT;2200,60247263;SAÍDA;Para Carteira Externa
2025-09-14;10:56:08;USDC;5002,0;SAÍDA;Para Carteira Externa
2025-09-17;19:03:08;USDT;3000,0;SAÍDA;Para Carteira Externa
2025-09-18;17:08:20;SOL;7,0;ENTRADA;Origem Externa
2025-09-19;00:42:32;USDT;771,52;SAÍDA;Para Carteira Externa
2025-09-19;21:01:16;USDT;1702,2;SAÍDA;Para Carteira Externa
2025-09-20;00:12:08;USDT;1000,0;SAÍDA;Para Carteira Externa
2025-09-24;13:32:18;SOL;12,0;ENTRADA;Origem Externa
2025-09-24;20:16:36;USDT;2601,65;SAÍDA;Para Carteira Externa
2025-09-26;10:22:20;BTC;0,5;ENTRADA;Origem Externa
2025-09-28;09:14:40;SOL;367,0;ENTRADA;Origem Externa
2025-09-28;21:38:10;PENGU;129,0;SAÍDA;Para Carteira Externa
2025-09-28;21:40:48;PENGU;499929,0;SAÍDA;Para Carteira Externa
2025-09-28;21:45:40;PUMP;1572897,0;SAÍDA;Para Carteira Externa
2025-09-28;22:35:36;SIGN;17110,0;SAÍDA;Para Carteira Externa
2025-09-29;20:18:36;WLD;17,06;SAÍDA;Para Carteira Externa
2025-09-29;20:34:34;WLD;108,06;SAÍDA;Para Carteira Externa
2025-09-29;20:36:36;WLD;9874,88;SAÍDA;Para Carteira Externa
2025-10-02;09:25:44;USDT;16807,8245;ENTRADA;Origem Externa
2025-10-02;11:20:16;ZEC;1,02;SAÍDA;Para Carteira Externa
2025-10-02;11:26:12;ZEC;10,0;SAÍDA;Para Carteira Externa
2025-10-02;12:08:10;ZEC;39,18;SAÍDA;Para Carteira Externa
2025-10-10;12:50:36;BTC;0,50100233;SAÍDA;Para Carteira Externa
2025-10-10;13:01:20;USDC;11145,987492;ENTRADA;Origem Externa
2025-10-10;20:12:12;USDT;167,0;ENTRADA;Origem Externa
2025-10-12;10:41:32;SUI;5000,0;ENTRADA;Origem Externa
2025-10-12;10:44:32;SUI;5030,0;ENTRADA;Origem Externa
2025-10-12;11:00:32;SOL;270,37981258;ENTRADA;Origem Externa
2025-10-12;11:10:40;SUI;10040,69295517;ENTRADA;Origem Externa
2025-10-12;13:19:32;PENGU;500010,0002;ENTRADA;Origem Externa
2025-10-12;13:26:16;WIF;10000,742256;ENTRADA;Origem Externa
2025-10-12;14:19:36;USDC;50010,0;SAÍDA;Para Carteira Externa
2025-10-12;14:42:16;BTC;0,50757754;ENTRADA;Origem Externa
2025-10-14;12:49:14;SOL;196,91963076;ENTRADA;Origem Externa
2025-10-17;09:04:36;USDC;10000,5;SAÍDA;Para Carteira Externa
2025-10-17;09:08:36;USDC;40004,5;SAÍDA;Para Carteira Externa
2025-10-17;09:14:08;USDC;50005,0;SAÍDA;Para Carteira Externa
2025-10-17;09:27:36;USDC;25002,0;SAÍDA;Para Carteira Externa
2025-10-17;11:02:16;BTC;0,5;ENTRADA;Origem Externa
2025-10-17;11:17:08;USDT;3035,95889899;SAÍDA;Para Carteira Externa
2025-10-18;15:09:08;USDT;10000,0;SAÍDA;Para Carteira Externa
2025-10-19;17:30:28;SOL;122,0;ENTRADA;Origem Externa
2025-10-21;10:54:14;LPT;75,0015;ENTRADA;Origem Externa
2025-10-21;11:10:28;CETUS;4681,36635326;ENTRADA;Origem Externa
2025-10-21;11:15:24;SUI;1535,183765;ENTRADA;Origem Externa
2025-10-21;15:55:40;USDC;50008,500589;ENTRADA;Origem Externa
2025-10-21;15:56:36;USDC;0,001;ENTRADA;Origem Externa
2025-10-30;09:54:40;PUMP;1572739,0;ENTRADA;Origem Externa
2025-10-31;10:40:14;USDT;933,0;SAÍDA;Para Carteira Externa
2025-11-02;13:33:12;USDT;18765,29752044;ENTRADA;Origem Externa
2025-11-04;13:54:10;USDT;3801,34376413;SAÍDA;Para Carteira Externa
2025-11-04;22:05:42;USDC;50001,010555;SAÍDA;Para Carteira Externa
2025-11-06;10:41:16;SUI;10138,0;ENTRADA;Origem Externa
2025-11-08;17:55:32;USDT;17800,0;ENTRADA;Origem Externa
2025-11-12;14:42:10;USDT;555,01;SAÍDA;Para Carteira Externa
2025-11-15;14:17:08;BNB;0,00501;SAÍDA;Para Carteira Externa
2025-11-15;14:24:08;USDT;30,01;SAÍDA;Para Carteira Externa
2025-11-15;14:27:32;USDT;29970,01;SAÍDA;Para Carteira Externa
2025-11-19;12:59:12;SIGN;17109,66;ENTRADA;Origem Externa
2025-11-20;09:28:08;USDT;1001,01;SAÍDA;Para Carteira Externa
2025-11-20;19:02:42;WLD;10,0;ENTRADA;Origem Externa
2025-11-20;19:07:00;WLD;9990,0;ENTRADA;Origem Externa
2025-11-21;10:57:12;USDT;30000,01;SAÍDA;Para Carteira Externa
2025-11-21;11:58:18;WLD;10000,0;ENTRADA;Origem Externa
2025-11-22;10:32:24;SOL;100,0;ENTRADA;Origem Externa
2025-11-22;16:29:16;USDT;751,0;ENTRADA;Origem Externa
2025-11-22;20:31:50;USDT;1610,0;ENTRADA;Origem Externa
2025-11-23;00:33:16;USDT;100,61;SAÍDA;Para Carteira Externa
2025-11-23;00:38:40;USDT;59900,6;SAÍDA;Para Carteira Externa
2025-11-29;14:16:24;SUI;10106,99702;ENTRADA;Origem Externa
2025-12-04;10:43:14;SOL;204,0;ENTRADA;Origem Externa
2025-12-05;15:37:08;USDC;6736,2;SAÍDA;Para Carteira Externa
2025-12-08;12:58:36;XRP;9,999988;ENTRADA;Origem Externa
2025-12-08;14:00:36;VTHO;6004,70195934;ENTRADA;Origem Externa
2025-12-08;15:52:34;XRP;19,0;ENTRADA;Origem Externa
2025-12-11;13:05:38;XRP;9,0;ENTRADA;Origem Externa
2025-12-11;23:26:36;BTC;0,00606597;ENTRADA;Origem Externa
2025-12-12;00:02:16;ADA;2,0;SAÍDA;Para Carteira Externa
2025-12-12;00:07:32;XRP;8,99999;ENTRADA;Origem Externa
2025-12-12;00:22:18;ADA;10,796281;ENTRADA;Origem Externa
2025-12-19;13:50:12;USDT;1460,01;SAÍDA;Para Carteira Externa
2025-12-21;20:01:20;USDT;5548,01;SAÍDA;Para Carteira Externa
2025-12-22;12:47:08;USDT;8277,01;SAÍDA;Para Carteira Externa
